{ "count" : 818 , "results" : [ { "openfda" : { "brand_name" : [ [ "GABAPENTIN"]]}} , { "openfda" : { "brand_name" : [ [ "MARCAINE"]]}} , { "openfda" : { "brand_name" : [ [ "LISINOPRIL WITH HYDROCHLOROTHIAZIDE"]]}} , { "openfda" : { "brand_name" : [ [ "CREST PRO-HEALTH"]]}} , { "openfda" : { "brand_name" : [ [ "PROMETHAZINE DM"]]}} , { "openfda" : { "brand_name" : [ [ "HEPARIN SODIUM"]]}} , { "openfda" : { "brand_name" : [ [ "OXYCODONE AND ACETAMINOPHEN"]]}} , { "openfda" : { "brand_name" : [ [ "CLONIDINE"]]}} , { "openfda" : { "brand_name" : [ [ "NIMODIPINE"]]}} , { "openfda" : { "brand_name" : [ [ "JUNEL 1/20"]]}} , { "openfda" : { "brand_name" : [ [ "CANDESARTAN CILEXETIL"]]}} , { "openfda" : { "brand_name" : [ [ "PULMICORT RESPULES"]]}} , { "openfda" : { "brand_name" : [ [ "RISPERIDONE"]]}} , { "openfda" : { "brand_name" : [ [ "ATORVASTATIN CALCIUM"]]}} , { "openfda" : { "brand_name" : [ [ "PROPOFOL"]]}} , { "openfda" : { "brand_name" : [ [ "ZOLEDRONIC ACID"]]}} , { "openfda" : { "brand_name" : [ [ "STERILE WATER"]]}} , { "openfda" : { "brand_name" : [ [ "PAROXETINE HYDROCHLORIDE"]]}} , { "openfda" : { "brand_name" : [ [ "SODIUM CHLORIDE"]]}} , { "openfda" : { "brand_name" : [ [ "LEFLUNOMIDE"]]}} , { "openfda" : { "brand_name" : [ [ "LIDOCAINE HYDROCHLORIDE"]]}} , { "openfda" : { "brand_name" : [ [ "GABAPENTIN"]]}} , { "openfda" : { "brand_name" : [ [ "HALOPERIDOL DECANOATE"]]}} , { "openfda" : { "brand_name" : [ [ "VENLAFAXINE HYDROCHLORIDE"]]}} , { "openfda" : { "brand_name" : [ [ "CETIRIZINE HYDROCHLORIDE"]]}} , { "openfda" : { "brand_name" : [ [ "EPINEPHRINE"]]}} , { "openfda" : { "brand_name" : [ [ "PYRIDOSTIGMINE BROMIDE"]]}} , { "openfda" : { "brand_name" : [ [ "BENICAR HCT"]]}} , { "openfda" : { "brand_name" : [ [ "CLONAZEPAM"]]}} , { "openfda" : { "brand_name" : [ [ "PROPOFOL"]]}} , { "openfda" : { "brand_name" : [ [ "CANDESARTAN CILEXETIL"]]}} , { "openfda" : { "brand_name" : [ [ "LEVOXYL"]]}} , { "openfda" : { "brand_name" : [ [ "ENJUVIA"]]}} , { "openfda" : { "brand_name" : [ [ "LACTATED RINGERS"]]}} , { "openfda" : { "brand_name" : [ [ "DICLOFENAC SODIUM AND MISOPROSTOL"]]}} , { "openfda" : { "brand_name" : [ [ "LORAZEPAM"]]}} , { "openfda" : { "brand_name" : [ [ "LIPTRUZET"]]}} , { "openfda" : { "brand_name" : [ [ "CEPHALEXIN"]]}} , { "openfda" : { "brand_name" : [ [ "LACTATED RINGERS AND DEXTROSE"]]}} , { "openfda" : { "brand_name" : [ [ "TIVICAY"]]}} , { "openfda" : { "brand_name" : [ [ "PIPERACILLIN AND TAZOBACTAM"]]}} , { "openfda" : { "brand_name" : [ [ "ETHAMBUTOL"]]}} , { "openfda" : { "brand_name" : [ [ "WARFARIN SODIUM"]]}} , { "openfda" : { "brand_name" : [ [ "MEFLOQUINE HYDROCHLORIDE"]]}} , { "openfda" : { "brand_name" : [ [ "MORPHINE SULFATE"]]}} , { "openfda" : { "brand_name" : [ [ "FOLIC ACID"]]}} , { "openfda" : { "brand_name" : [ [ "BENZONATATE"]]}} , { "openfda" : { "brand_name" : [ [ "CHILDRENS ACETAMINOPHEN"]]}} , { "openfda" : { "brand_name" : [ [ "FENOFIBRIC ACID"]]}} , { "openfda" : { "brand_name" : [ [ "HYDROCORTISONE AND ACETIC ACID"]]}} , { "openfda" : { "brand_name" : [ [ "SODIUM CHLORIDE"]]}} , { "openfda" : { "brand_name" : [ [ "SODIUM CHLORIDE"]]}} , { "openfda" : { "brand_name" : [ [ "MAGNESIUM SULFATE"]]}} , { "openfda" : { "brand_name" : [ [ "BENZONATATE"]]}} , { "openfda" : { "brand_name" : [ [ "ARRANON"]]}} , { "openfda" : { "brand_name" : [ [ "ISONIAZID"]]}} , { "openfda" : { "brand_name" : [ [ "BUPIVACAINE HYDROCHLORIDE"]]}} , { "openfda" : { "brand_name" : [ [ "BUMETANIDE"]]}} , { "openfda" : { "brand_name" : [ [ "CORDRAN"]]}} , { "openfda" : { "brand_name" : [ [ "AMIODARONE HYDROCHLORIDE"]]}} , { "openfda" : { "brand_name" : [ [ "AMLODIPINE BESYLATE"]]}} , { "openfda" : { "brand_name" : [ [ "AMINOSYN II"]]}} , { "openfda" : { "brand_name" : [ [ "DERMOTIC"]]}} , { "openfda" : { "brand_name" : [ [ "BREVIBLOC"]]}} , { "openfda" : { "brand_name" : [ [ "PHOTOFRIN"]]}} , { "openfda" : { "brand_name" : [ [ "OXYCODONE HYDROCHLORIDE"]]}} , { "openfda" : { "brand_name" : [ [ "PROPOFOL"]]}} , { "openfda" : { "brand_name" : [ [ "DEXTROSE"]]}} , { "openfda" : { "brand_name" : [ [ "MERCAPTOPURINE"]]}} , { "openfda" : { "brand_name" : [ [ "HYDROXYZINE HYDROCHLORIDE"]]}} , { "openfda" : { "brand_name" : [ [ "SODIUM CHLORIDE"]]}} , { "openfda" : { "brand_name" : [ [ "HAND SANITIZER"]]}} , { "openfda" : { "brand_name" : [ [ "MITOXANTRONE"]]}} , { "openfda" : { "brand_name" : [ [ "COPAXONE"]]}} , { "openfda" : { "brand_name" : [ [ "ISONIAZID"]]}} , { "openfda" : { "brand_name" : [ [ "SEVOFLURANE"]]}} , { "openfda" : { "brand_name" : [ [ "SODIUM CHLORIDE"]]}} , { "openfda" : { "brand_name" : [ [ "PAXIL"]]}} , { "openfda" : { "brand_name" : [ [ "LEFLUNOMIDE"]]}} , { "openfda" : { "brand_name" : [ [ "PREDNISONE"]]}} , { "openfda" : { "brand_name" : [ [ "CEFEPIME HYDROCHLORIDE AND DEXTROSE"]]}} , { "openfda" : { "brand_name" : [ [ "METOPROLOL SUCCINATE"]]}} , { "openfda" : { "brand_name" : [ [ "PITOCIN"]]}} , { "openfda" : { "brand_name" : [ [ "FREAMINE HBC"]]}} , { "openfda" : { "brand_name" : [ [ "OXCARBAZEPINE"]]}} , { "openfda" : { "brand_name" : [ [ "LEVOXYL"]]}} , { "openfda" : { "brand_name" : [ [ "VENLAFAXINE HYDROCHLORIDE"]]}} , { "openfda" : { "brand_name" : [ [ "CHLORAPREP ONE-STEP"]]}} , { "openfda" : { "brand_name" : [ [ "AMOXICILLIN"]]}} , { "openfda" : { "brand_name" : [ [ "SODIUM CHLORIDE"]]}} , { "openfda" : { "brand_name" : [ [ "DEXTROAMPHETAMINE SACCHARATE, AMPHETAMINE ASPARTATE MONOHYDRATE, DEXTROAMPHETAMINE SULFATE, AMPHETAMINE SULFATE"]]}} , { "openfda" : { "brand_name" : [ [ "DEXTROSE"]]}} , { "openfda" : { "brand_name" : [ [ "SODIUM CHLORIDE"]]}} , { "openfda" : { "brand_name" : [ [ "VANCOMYCIN HYDROCHLORIDE"]]}} , { "openfda" : { "brand_name" : [ [ "SUPRAX"]]}} , { "openfda" : { "brand_name" : [ [ "IODINE SEPP"]]}} , { "openfda" : { "brand_name" : [ [ "PACLITAXEL"]]}} , { "openfda" : { "brand_name" : [ [ "MONTELUKAST SODIUM"]]}} , { "openfda" : { "brand_name" : [ [ "FOLIC ACID"]]}} , { "openfda" : { "brand_name" : [ [ "HALOPERIDOL DECANOATE"]]}} , { "openfda" : { "brand_name" : [ [ "GLOSTRIPS"]]}} , { "openfda" : { "brand_name" : [ [ "QUINAPRIL"]]}} , { "openfda" : { "brand_name" : [ [ "LEVOXYL"]]}} , { "openfda" : { "brand_name" : [ [ "MELOXICAM"]]}} , { "openfda" : { "brand_name" : [ [ "METFORMIN HYDROCHLORIDE"]]}} , { "openfda" : { "brand_name" : [ [ "CEFPODOXIME PROXETIL"]]}} , { "openfda" : { "brand_name" : [ [ "TRIVEEN-PRX"]]}} , { "openfda" : { "brand_name" : [ [ "LEVOXYL"]]}} , { "openfda" : { "brand_name" : [ [ "THERAFLU"]]}} , { "openfda" : { "brand_name" : [ [ "VASERETIC"]]}} , { "openfda" : { "brand_name" : [ [ "NORPACE"]]}} , { "openfda" : { "brand_name" : [ [ "EXTENDED PHENYTOIN SODIUM"]]}} , { "openfda" : { "brand_name" : [ [ "CARDEC DM"]]}} , { "openfda" : { "brand_name" : [ [ "ISOPROPYL ALCOHOL SEPP"]]}} , { "openfda" : { "brand_name" : [ [ "FENTANYL"]]}} , { "openfda" : { "brand_name" : [ [ "LIDOCAINE" , "LIDOCAINE HYDROCHLORIDE AND EPINEPHRINE BITARTRATE" , "OCTOCAINE 100"]]}} , { "openfda" : { "brand_name" : [ [ "CIPROFLOXACIN"]]}} , { "openfda" : { "brand_name" : [ [ "LEVOXYL"]]}} , { "openfda" : { "brand_name" : [ [ "BENICAR"]]}} , { "openfda" : { "brand_name" : [ [ "ZEMPLAR"]]}} , { "openfda" : { "brand_name" : [ [ "PROPOFOL"]]}} , { "openfda" : { "brand_name" : [ [ "FORADIL"]]}} , { "openfda" : { "brand_name" : [ [ "PRAMIPEXOLE DIHYDROCHLORIDE"]]}} , { "openfda" : { "brand_name" : [ [ "LEVETIRACETAM"]]}} , { "openfda" : { "brand_name" : [ [ "SOLIRIS"]]}} , { "openfda" : { "brand_name" : [ [ "CIPROFLOXACIN"]]}} , { "openfda" : { "brand_name" : [ [ "IRINOTECAN HYDROCHLORIDE"]]}} , { "openfda" : { "brand_name" : [ [ "SPIRIVA"]]}} , { "openfda" : { "brand_name" : [ [ "LEVOXYL"]]}} , { "openfda" : { "brand_name" : [ [ "OXCARBAZEPINE"]]}} , { "openfda" : { "brand_name" : [ [ "ALBUTEROL SULFATE"]]}} , { "openfda" : { "brand_name" : [ [ "THERAFLU"]]}} , { "openfda" : { "brand_name" : [ [ "METHOCARBAMOL"]]}} , { "openfda" : { "brand_name" : [ [ "CAMILA"]]}} , { "openfda" : { "brand_name" : [ [ "NIACIN"]]}} , { "openfda" : { "brand_name" : [ [ "OXECTA"]]}} , { "openfda" : { "brand_name" : [ [ "NYSTATIN"]]}} , { "openfda" : { "brand_name" : [ [ "DULOXETINE"]]}} , { "openfda" : { "brand_name" : [ [ "GLUCOTROL"]]}} , { "openfda" : { "brand_name" : [ [ "HYDROCODONE BITARTRATE AND ACETAMINOPHEN"]]}} , { "openfda" : { "brand_name" : [ [ "LOCOID"]]}} , { "openfda" : { "brand_name" : [ [ "CANDESARTAN CILEXETIL"]]}} , { "openfda" : { "brand_name" : [ [ "COPAXONE"]]}} , { "openfda" : { "brand_name" : [ [ "LEVOXYL"]]}} , { "openfda" : { "brand_name" : [ [ "AMOXICILLIN"]]}} , { "openfda" : { "brand_name" : [ [ "BUPRENORPHINE HYDROCHLORIDE"]]}} , { "openfda" : { "brand_name" : [ [ "NORMOSOL-R"]]}} , { "openfda" : { "brand_name" : [ [ "BUPROPION HYDROCHLORIDE"]]}} , { "openfda" : { "brand_name" : [ [ "VICKS NYQUIL"]]}} , { "openfda" : { "brand_name" : [ [ "FLUOCINOLONE ACETONIDE 0.01%"]]}} , { "openfda" : { "brand_name" : [ [ "QUELICIN"]]}} , { "openfda" : { "brand_name" : [ [ "CANDESARTAN CILEXETIL AND HYDROCHLOROTHIAZIDE"]]}} , { "openfda" : { "brand_name" : [ [ "AMLODIPINE AND BENAZEPRIL HYDROCHLORIDE"]]}} , { "openfda" : { "brand_name" : [ [ "DOBUTAMINE HYDROCHLORIDE"]]}} , { "openfda" : { "brand_name" : [ [ "MUCINEX DM"]]}} , { "openfda" : { "brand_name" : [ [ "CARVEDILOL"]]}} , { "openfda" : { "brand_name" : [ [ "FIBRICOR"]]}} , { "openfda" : { "brand_name" : [ [ "QUINAPRIL"]]}} , { "openfda" : { "brand_name" : [ [ "CEFDINIR"]]}} , { "openfda" : { "brand_name" : [ [ "LAMISIL"]]}} , { "openfda" : { "brand_name" : [ [ "EFFEXOR"]]}} , { "openfda" : { "brand_name" : [ [ "COPAXONE"]]}} , { "openfda" : { "brand_name" : [ [ "ROPINIROLE HYDROCHLORIDE"]]}} , { "openfda" : { "brand_name" : [ [ "DERMA-SMOOTHE/FS"]]}} , { "openfda" : { "brand_name" : [ [ "APLENZIN"]]}} , { "openfda" : { "brand_name" : [ [ "AZOR"]]}} , { "openfda" : { "brand_name" : [ [ "ACETYLCYSTEINE"]]}} , { "openfda" : { "brand_name" : [ [ "DEXTROSE AND SODIUM CHLORIDE"]]}} , { "openfda" : { "brand_name" : [ [ "SUPRAX"]]}} , { "openfda" : { "brand_name" : [ [ "FAMOTIDINE"]]}} , { "openfda" : { "brand_name" : [ [ "FLUOXETINE HYDROCHLORIDE"]]}} , { "openfda" : { "brand_name" : [ [ "CARISOPRODOL"]]}} , { "openfda" : { "brand_name" : [ [ "LEVOTHYROXINE SODIUM"]]}} , { "openfda" : { "brand_name" : [ [ "FEXOFENADINE HYDROCHLORIDE"]]}} , { "openfda" : { "brand_name" : [ [ "DEXTROSE AND SODIUM CHLORIDE"]]}} , { "openfda" : { "brand_name" : [ [ "ALPRAZOLAM"]]}} , { "openfda" : { "brand_name" : [ [ "RANITIDINE 150"]]}} , { "openfda" : { "brand_name" : [ [ "VENLAFAXINE HYDROCHLORIDE"]]}} , { "openfda" : { "brand_name" : [ [ "BENZTROPINE MESYLATE"]]}} , { "openfda" : { "brand_name" : [ [ "AZELASTINE HYDROCHLORIDE"]]}} , { "openfda" : { "brand_name" : [ [ "PRADAXA"]]}} , { "openfda" : { "brand_name" : [ [ "TRAVASOL"]]}} , { "openfda" : { "brand_name" : [ [ "HYDROXYZINE HYDROCHLORIDE"]]}} , { "openfda" : { "brand_name" : [ [ "FENTANYL CITRATE"]]}} , { "openfda" : { "brand_name" : [ [ "DEXTROAMPHETAMINE SACCHARATE, AMPHETAMINE ASPARTATE, DEXTROAMPHETAMINE SULFATE AND AMPHETAMINE SULFATE"]]}} , { "openfda" : { "brand_name" : [ [ "KETOROLAC TROMETHAMINE"]]}} , { "openfda" : { "brand_name" : [ [ "GLIPIZIDE AND METFORMIN HCL"]]}} , { "openfda" : { "brand_name" : [ [ "SUPRAX"]]}} , { "openfda" : { "brand_name" : [ [ "NITROFURANTOIN MONOHYDRATE/ MACROCRYSTALLINE"]]}} , { "openfda" : { "brand_name" : [ [ "HYDROXYZINE HYDROCHLORIDE"]]}} , { "openfda" : { "brand_name" : [ [ "ETHAMBUTOL HYDROCHLORIDE"]]}} , { "openfda" : { "brand_name" : [ [ "METOPROLOL TARTRATE"]]}} , { "openfda" : { "brand_name" : [ [ "VICKS NYQUIL"]]}} , { "openfda" : { "brand_name" : [ [ "FLUTICASONE PROPIONATE"]]}} , { "openfda" : { "brand_name" : [ [ "ENJUVIA"]]}} , { "openfda" : { "brand_name" : [ [ "DEXEDRINE"]]}} , { "openfda" : { "brand_name" : [ [ "NORMOSOL-R"]]}} , { "openfda" : { "brand_name" : [ [ "SYNTHROID"]]}} , { "openfda" : { "brand_name" : [ [ "NALBUPHINE HYDROCHLORIDE"]]}} , { "openfda" : { "brand_name" : [ [ "DAYTRANA"]]}} , { "openfda" : { "brand_name" : [ [ "SODIUM CHLORIDE"]]}} , { "openfda" : { "brand_name" : [ [ "THERAFLU"]]}} , { "openfda" : { "brand_name" : [ [ "KETOROLAC TROMETHAMINE"]]}} , { "openfda" : { "brand_name" : [ [ "AMOXICILLIN"]]}} , { "openfda" : { "brand_name" : [ [ "FUROSEMIDE"]]}} , { "openfda" : { "brand_name" : [ [ "ORAL PEROXIDE"]]}} , { "openfda" : { "brand_name" : [ [ "FLUOROURACIL"]]}} , { "openfda" : { "brand_name" : [ [ "HYDROCORTISONE BUTYRATE"]]}} , { "openfda" : { "brand_name" : [ [ "CLOBETASOL PROPIONATE"]]}} , { "openfda" : { "brand_name" : [ [ "METOPROLOL SUCCINATE"]]}} , { "openfda" : { "brand_name" : [ [ "IMITREX"]]}} , { "openfda" : { "brand_name" : [ [ "EPINEPHRINE"]]}} , { "openfda" : { "brand_name" : [ [ "BUPROPION HYDROCHLORIDE"]]}} , { "openfda" : { "brand_name" : [ [ "ADVAIR HFA"]]}} , { "openfda" : { "brand_name" : [ [ "BUPROPION HYDROCHLORIDE"]]}} , { "openfda" : { "brand_name" : [ [ "LOXITANE"]]}} , { "openfda" : { "brand_name" : [ [ "SUMATRIPTAN SUCCINATE"]]}} , { "openfda" : { "brand_name" : [ [ "ATRACURIUM BESYLATE"]]}} , { "openfda" : { "brand_name" : [ [ "LOXAPINE"]]}} , { "openfda" : { "brand_name" : [ [ "SODIUM CHLORIDE"]]}} , { "openfda" : { "brand_name" : [ [ "OXYCODONE AND ACETAMINOPHEN"]]}} , { "openfda" : { "brand_name" : [ [ "APLENZIN"]]}} , { "openfda" : { "brand_name" : [ [ "J-TAN"]]}} , { "openfda" : { "brand_name" : [ [ "FLUOCINOLONE ACETONIDE"]]}} , { "openfda" : { "brand_name" : [ [ "NICORETTE"]]}} , { "openfda" : { "brand_name" : [ [ "ZICAM"]]}} , { "openfda" : { "brand_name" : [ [ "PROPOFOL"]]}} , { "openfda" : { "brand_name" : [ [ "DEXTROAMPHETAMINE SULFATE"]]}} , { "openfda" : { "brand_name" : [ [ "VENLAFAXINE HYDROCHLORIDE"]]}} , { "openfda" : { "brand_name" : [ [ "DAYTRANA"]]}} , { "openfda" : { "brand_name" : [ [ "DALLERGY"]]}} , { "openfda" : { "brand_name" : [ [ "LIDOCAINE HYDROCHLORIDE AND DEXTROSE"]]}} , { "openfda" : { "brand_name" : [ [ "PAXIL"]]}} , { "openfda" : { "brand_name" : [ [ "IFOSFAMIDE"]]}} , { "openfda" : { "brand_name" : [ [ "SODIUM CHLORIDE"]]}} , { "openfda" : { "brand_name" : [ [ "AMLODIPINE AND BENAZEPRIL HYDROCHLORIDE"]]}} , { "openfda" : { "brand_name" : [ [ "POTASSIUM CHLORIDE IN DEXTROSE AND SODIUM CHLORIDE"]]}} , { "openfda" : { "brand_name" : [ [ "AMLODIPINE BESYLATE"]]}} , { "openfda" : { "brand_name" : [ [ "EMTRIVA"]]}} , { "openfda" : { "brand_name" : [ [ "PROPOFOL"]]}} , { "openfda" : { "brand_name" : [ [ "TRIZIVIR"]]}} , { "openfda" : { "brand_name" : [ [ "PERPHENAZINE"]]}} , { "openfda" : { "brand_name" : [ [ "LEVONORGESTREL"]]}} , { "openfda" : { "brand_name" : [ [ "GLIPIZIDE"]]}} , { "openfda" : { "brand_name" : [ [ "IRINOTECAN HYDROCHLORIDE"]]}} , { "openfda" : { "brand_name" : [ [ "VALACYCLOVIR"]]}} , { "openfda" : { "brand_name" : [ [ "SPIRONOLACTONE"]]}} , { "openfda" : { "brand_name" : [ [ "DACARBAZINE"]]}} , { "openfda" : { "brand_name" : [ [ "FEXOFENADINE HYDROCHLORIDE"]]}} , { "openfda" : { "brand_name" : [ [ "FOSPHENYTOIN"]]}} , { "openfda" : { "brand_name" : [ [ "TAZTIA"]]}} , { "openfda" : { "brand_name" : [ [ "PROPOFOL"]]}} , { "openfda" : { "brand_name" : [ [ "LEUKINE"]]}} , { "openfda" : { "brand_name" : [ [ "SODIUM CHLORIDE"]]}} , { "openfda" : { "brand_name" : [ [ "BUPROPION HYDROCHLORIDE"]]}} , { "openfda" : { "brand_name" : [ [ "CITALOPRAM HYDROBROMIDE"]]}} , { "openfda" : { "brand_name" : [ [ "TENSION HEADACHE RELIEF"]]}} , { "openfda" : { "brand_name" : [ [ "POTASSIUM CHLORIDE"]]}} , { "openfda" : { "brand_name" : [ [ "OLANZAPINE"]]}} , { "openfda" : { "brand_name" : [ [ "TARCEVA"]]}} , { "openfda" : { "brand_name" : [ [ "PAXIL"]]}} , { "openfda" : { "brand_name" : [ [ "DERMA-SMOOTHE/FS"]]}} , { "openfda" : { "brand_name" : [ [ "DERMOTIC"]]}} , { "openfda" : { "brand_name" : [ [ "CARISOPRODOL"]]}} , { "openfda" : { "brand_name" : [ [ "TRIAMCINOLONE ACETONIDE"]]}} , { "openfda" : { "brand_name" : [ [ "PAXIL"]]}} , { "openfda" : { "brand_name" : [ [ "CHILDRENS QPAP"]]}} , { "openfda" : { "brand_name" : [ [ "PROPRANOLOL HYDROCHLORIDE"]]}} , { "openfda" : { "brand_name" : [ [ "DERMA-SMOOTHE/FS"]]}} , { "openfda" : { "brand_name" : [ [ "DICLOFENAC SODIUM AND MISOPROSTOL"]]}} , { "openfda" : { "brand_name" : [ [ "METRONIDAZOLE"]]}} , { "openfda" : { "brand_name" : [ [ "BUPIVACAINE HYDROCHLORIDE"]]}} , { "openfda" : { "brand_name" : [ [ "DIAZEPAM"]]}} , { "openfda" : { "brand_name" : [ [ "SIMVASTATIN"]]}} , { "openfda" : { "brand_name" : [ [ "DERMA-SMOOTHE/FS"]]}} , { "openfda" : { "brand_name" : [ [ "DERMA-SMOOTHE/FS"]]}} , { "openfda" : { "brand_name" : [ [ "SODIUM CHLORIDE"]]}} , { "openfda" : { "brand_name" : [ [ "E-Z-HD"]]}} , { "openfda" : { "brand_name" : [ [ "LEVOXYL"]]}} , { "openfda" : { "brand_name" : [ [ "TRIAMCINOLONE ACETONIDE"]]}} , { "openfda" : { "brand_name" : [ [ "ETOMIDATE"]]}} , { "openfda" : { "brand_name" : [ [ "COUMADIN"]]}} , { "openfda" : { "brand_name" : [ [ "TRAMADOL HYDROCHLORIDE"]]}} , { "openfda" : { "brand_name" : [ [ "PROMETHAZINE HYDROCHLORIDE AND PHENYLEPHRINE HYDROCHLORIDE"]]}} , { "openfda" : { "brand_name" : [ [ "LAC HYDRIN"]]}} , { "openfda" : { "brand_name" : [ [ "MERCAPTOPURINE"]]}} , { "openfda" : { "brand_name" : [ [ "MIDAZOLAM"]]}} , { "openfda" : { "brand_name" : [ [ "FLUOXETINE"]]}} , { "openfda" : { "brand_name" : [ [ "DEXTROAMPHETAMINE SULFATE"]]}} , { "openfda" : { "brand_name" : [ [ "VANCOMYCIN HYDROCHLORIDE"]]}} , { "openfda" : { "brand_name" : [ [ "VANCOMYCIN HYDROCHLORIDE"]]}} , { "openfda" : { "brand_name" : [ [ "METHOTREXATE SODIUM"]]}} , { "openfda" : { "brand_name" : [ [ "DICLOFENAC SODIUM AND MISOPROSTOL"]]}} , { "openfda" : { "brand_name" : [ [ "LACTATED RINGERS AND DEXTROSE"]]}} , { "openfda" : { "brand_name" : [ [ "ERRIN"]]}} , { "openfda" : { "brand_name" : [ [ "TOPIRAMATE"]]}} , { "openfda" : { "brand_name" : [ [ "ACYCLOVIR"]]}} , { "openfda" : { "brand_name" : [ [ "TACROLIMUS"]]}} , { "openfda" : { "brand_name" : [ [ "INDOMETHACIN"]]}} , { "openfda" : { "brand_name" : [ [ "DOBUTAMINE HYDROCHLORIDE IN DEXTROSE"]]}} , { "openfda" : { "brand_name" : [ [ "LEVOXYL"]]}} , { "openfda" : { "brand_name" : [ [ "NAPROXEN SODIUM"]]}} , { "openfda" : { "brand_name" : [ [ "PREDNISONE"]]}} , { "openfda" : { "brand_name" : [ [ "FOSINOPRIL SODIUM AND HYDROCHLOROTHIAZIDE"]]}} , { "openfda" : { "brand_name" : [ [ "FOSPHENYTOIN"]]}} , { "openfda" : { "brand_name" : [ [ "SODIUM CHLORIDE"]]}} , { "openfda" : { "brand_name" : [ [ "DAUNORUBICIN HYDROCHLORIDE"]]}} , { "openfda" : { "brand_name" : [ [ "QNASL"]]}} , { "openfda" : { "brand_name" : [ [ "VPRIV"]]}} , { "openfda" : { "brand_name" : [ [ "FOMEPIZOLE"]]}} , { "openfda" : { "brand_name" : [ [ "SERTRALINE HYDROCHLORIDE"]]}} , { "openfda" : { "brand_name" : [ [ "FLUCONAZOLE"]]}} , { "openfda" : { "brand_name" : [ [ "LEVOXYL"]]}} , { "openfda" : { "brand_name" : [ [ "DIAZEPAM"]]}} , { "openfda" : { "brand_name" : [ [ "CARBOPLATIN"]]}} , { "openfda" : { "brand_name" : [ [ "LABETALOL HYDROCHLORIDE"]]}} , { "openfda" : { "brand_name" : [ [ "BENZONATATE"]]}} , { "openfda" : { "brand_name" : [ [ "LEVOXYL"]]}} , { "openfda" : { "brand_name" : [ [ "KONSYL 100 PERCENT NATURAL PSYLLIUM FIBER"]]}} , { "openfda" : { "brand_name" : [ [ "AMINO ACIDS"]]}} , { "openfda" : { "brand_name" : [ [ "RIFAMPIN"]]}} , { "openfda" : { "brand_name" : [ [ "ETHAMBUTOL"]]}} , { "openfda" : { "brand_name" : [ [ "SODIUM CHLORIDE"]]}} , { "openfda" : { "brand_name" : [ [ "VIRAZOLE"]]}} , { "openfda" : { "brand_name" : [ [ "BENICAR HCT"]]}} , { "openfda" : { "brand_name" : [ [ "DAYTRANA"]]}} , { "openfda" : { "brand_name" : [ [ "PREDNISONE"]]}} , { "openfda" : { "brand_name" : [ [ "FAMOTIDINE"]]}} , { "openfda" : { "brand_name" : [ [ "OXANDROLONE"]]}} , { "openfda" : { "brand_name" : [ [ "ONDANSETRON HYDROCHLORIDE"]]}} , { "openfda" : { "brand_name" : [ [ "ALDACTONE"]]}} , { "openfda" : { "brand_name" : [ [ "SIMVASTATIN"]]}} , { "openfda" : { "brand_name" : [ [ "LACTATED RINGERS AND DEXTROSE"]]}} , { "openfda" : { "brand_name" : [ [ "BROVEX PSB"]]}} , { "openfda" : { "brand_name" : [ [ "ASPIRIN"]]}} , { "openfda" : { "brand_name" : [ [ "QUINAPRIL"]]}} , { "openfda" : { "brand_name" : [ [ "MOEXIPRIL HYDROCHLORIDE"]]}} , { "openfda" : { "brand_name" : [ [ "TROPHAMINE"]]}} , { "openfda" : { "brand_name" : [ [ "SCRUB CARE"]]}} , { "openfda" : { "brand_name" : [ [ "VENTAVIS"]]}} , { "openfda" : { "brand_name" : [ [ "LEADER FIBER"]]}} , { "openfda" : { "brand_name" : [ [ "PROMETHAZINE VC WITH CODEINE"]]}} , { "openfda" : { "brand_name" : [ [ "POTASSIUM CHLORIDE"]]}} , { "openfda" : { "brand_name" : [ [ "THERAFLU"]]}} , { "openfda" : { "brand_name" : [ [ "SULFAMETHOXAZOLE AND TRIMETHOPRIM"]]}} , { "openfda" : { "brand_name" : [ [ "AMLODIPINE BESYLATE"]]}} , { "openfda" : { "brand_name" : [ [ "MUROCEL"]]}} , { "openfda" : { "brand_name" : [ [ "CEFAZOLIN SODIUM"]]}} , { "openfda" : { "brand_name" : [ [ "LEVOXYL"]]}} , { "openfda" : { "brand_name" : [ [ "KETOCONAZOLE"]]}} , { "openfda" : { "brand_name" : [ [ "DEXTROSE AND SODIUM CHLORIDE"]]}} , { "openfda" : { "brand_name" : [ [ "TRANEXAMIC ACID"]]}} , { "openfda" : { "brand_name" : [ [ "HYDROMORPHONE HYDROCHLORIDE"]]}} , { "openfda" : { "brand_name" : [ [ "INDOMETHACIN"]]}} , { "openfda" : { "brand_name" : [ [ "PROMETHAZINE VC WITH CODEINE"]]}} , { "openfda" : { "brand_name" : [ [ "CETIRIZINE HYDROCHLORIDE"]]}} , { "openfda" : { "brand_name" : [ [ "GLYBURIDE AND METFORMIN HYDROCHLORIDE"]]}} , { "openfda" : { "brand_name" : [ [ "VENTOLIN"]]}} , { "openfda" : { "brand_name" : [ [ "ONDANSETRON"]]}} , { "openfda" : { "brand_name" : [ [ "METOPROLOL SUCCINATE"]]}} , { "openfda" : { "brand_name" : [ [ "LIOTHYRONINE SODIUM"]]}} , { "openfda" : { "brand_name" : [ [ "GLYCOPYRROLATE"]]}} , { "openfda" : { "brand_name" : [ [ "AZATHIOPRINE"]]}} , { "openfda" : { "brand_name" : [ [ "TACROLIMUS"]]}} , { "openfda" : { "brand_name" : [ [ "ERGOLOID MESYLATES"]]}} , { "openfda" : { "brand_name" : [ [ "SCRUB CARE PVPI SURGICAL SCRUB BRUSH"]]}} , { "openfda" : { "brand_name" : [ [ "CARBOPLATIN"]]}} , { "openfda" : { "brand_name" : [ [ "ERYTHROMYCIN"]]}} , { "openfda" : { "brand_name" : [ [ "OXYTOCIN"]]}} , { "openfda" : { "brand_name" : [ [ "ATRACURIUM BESYLATE"]]}} , { "openfda" : { "brand_name" : [ [ "LEVOXYL"]]}} , { "openfda" : { "brand_name" : [ [ "COCAINE HYDROCHLORIDE"]]}} , { "openfda" : { "brand_name" : [ [ "LACTATED RINGERS AND DEXTROSE"]]}} , { "openfda" : { "brand_name" : [ [ "PAROXETINE HYDROCHLORIDE"]]}} , { "openfda" : { "brand_name" : [ [ "LIDOCAINE HYDROCHLORIDE"]]}} , { "openfda" : { "brand_name" : [ [ "CARDURA"]]}} , { "openfda" : { "brand_name" : [ [ "FLUOXETINE"]]}} , { "openfda" : { "brand_name" : [ [ "CHILDRENS QPAP"]]}} , { "openfda" : { "brand_name" : [ [ "CYTARABINE"]]}} , { "openfda" : { "brand_name" : [ [ "DONNATAL EXTENTABS"]]}} , { "openfda" : { "brand_name" : [ [ "LAMISIL"]]}} , { "openfda" : { "brand_name" : [ [ "ALPRAZOLAM"]]}} , { "openfda" : { "brand_name" : [ [ "DEXTROAMPHETAMINE SULFATE"]]}} , { "openfda" : { "brand_name" : [ [ "SODIUM CHLORIDE"]]}} , { "openfda" : { "brand_name" : [ [ "DILTIAZEM HYDROCHLORIDE"]]}} , { "openfda" : { "brand_name" : [ [ "GENTAMICIN"]]}} , { "openfda" : { "brand_name" : [ [ "TRIAMCINOLONE ACETONIDE"]]}} , { "openfda" : { "brand_name" : [ [ "CARISOPRODOL"]]}} , { "openfda" : { "brand_name" : [ [ "DISULFIRAM"]]}} , { "openfda" : { "brand_name" : [ [ "LOSARTAN POTASSIUM"]]}} , { "openfda" : { "brand_name" : [ [ "DERMA-SMOOTHE/FS"]]}} , { "openfda" : { "brand_name" : [ [ "METFORMIN HYDROCHLORIDE"]]}} , { "openfda" : { "brand_name" : [ [ "HYDROXYCHLOROQUINE SULFATE"]]}} , { "openfda" : { "brand_name" : [ [ "OXECTA"]]}} , { "openfda" : { "brand_name" : [ [ "SODIUM CHLORIDE"]]}} , { "openfda" : { "brand_name" : [ [ "FLUOXETINE"]]}} , { "openfda" : { "brand_name" : [ [ "FLUVASTATIN"]]}} , { "openfda" : { "brand_name" : [ [ "MAGNESIUM SULFATE IN DEXTROSE"]]}} , { "openfda" : { "brand_name" : [ [ "METHYLPREDNISOLONE"]]}} , { "openfda" : { "brand_name" : [ [ "NITROGLYCERIN IN DEXTROSE"]]}} , { "openfda" : { "brand_name" : [ [ "LIDOCAINE HYDROCHLORIDE"]]}} , { "openfda" : { "brand_name" : [ [ "CLINDAMYCIN PALMITATE HYDROCHLORIDE"]]}} , { "openfda" : { "brand_name" : [ [ "PHENYTOIN"]]}} , { "openfda" : { "brand_name" : [ [ "CAMILA"]]}} , { "openfda" : { "brand_name" : [ [ "FENTANYL"]]}} , { "openfda" : { "brand_name" : [ [ "PANTOPRAZOLE"]]}} , { "openfda" : { "brand_name" : [ [ "LIOTHYRONINE SODIUM"]]}} , { "openfda" : { "brand_name" : [ [ "QUINAPRIL"]]}} , { "openfda" : { "brand_name" : [ [ "DULOXETINE"]]}} , { "openfda" : { "brand_name" : [ [ "RITALIN"]]}} , { "openfda" : { "brand_name" : [ [ "GLYBURIDE AND METFORMIN HYDROCHLORIDE"]]}} , { "openfda" : { "brand_name" : [ [ "CARDIOGEN-82"]]}} , { "openfda" : { "brand_name" : [ [ "IBU"]]}} , { "openfda" : { "brand_name" : [ [ "SODIUM CHLORIDE"]]}} , { "openfda" : { "brand_name" : [ [ "ATORVASTATIN CALCIUM"]]}} , { "openfda" : { "brand_name" : [ [ "ACTIQ"]]}} , { "openfda" : { "brand_name" : [ [ "LEVALBUTEROL INHALATION"]]}} , { "openfda" : { "brand_name" : [ [ "APLENZIN"]]}} , { "openfda" : { "brand_name" : [ [ "TOBRAMYCIN"]]}} , { "openfda" : { "brand_name" : [ [ "TIZANIDINE"]]}} , { "openfda" : { "brand_name" : [ [ "CICLOPIROX"]]}} , { "openfda" : { "brand_name" : [ [ "SODIUM CHLORIDE"]]}} , { "openfda" : { "brand_name" : [ [ "CUBICIN"]]}} , { "openfda" : { "brand_name" : [ [ "ATORVASTATIN CALCIUM"]]}} , { "openfda" : { "brand_name" : [ [ "CANDESARTAN CILEXETIL"]]}} , { "openfda" : { "brand_name" : [ [ "GLYCINE"]]}} , { "openfda" : { "brand_name" : [ [ "HEXTEND"]]}} , { "openfda" : { "brand_name" : [ [ "PROSOL"]]}} , { "openfda" : { "brand_name" : [ [ "ATORVASTATIN CALCIUM"]]}} , { "openfda" : { "brand_name" : [ [ "DEXTROAMPHETAMINE SULFATE"]]}} , { "openfda" : { "brand_name" : [ [ "BROMPHENIRAMINE PSEUDOEPHEDRINE DM"]]}} , { "openfda" : { "brand_name" : [ [ "PVP-IODINE SEPP"]]}} , { "openfda" : { "brand_name" : [ [ "PROPRANOLOL HYDROCHLORIDE"]]}} , { "openfda" : { "brand_name" : [ [ "MORPHINE SULFATE"]]}} , { "openfda" : { "brand_name" : [ [ "CYPROHEPTADINE"]]}} , { "openfda" : { "brand_name" : [ [ "LIDOCAINE HYDROCHLORIDE"]]}} , { "openfda" : { "brand_name" : [ [ "CARISOPRODOL"]]}} , { "openfda" : { "brand_name" : [ [ "DIAZEPAM"]]}} , { "openfda" : { "brand_name" : [ [ "IFOSFAMIDE"]]}} , { "openfda" : { "brand_name" : [ [ "PROLIA"]]}} , { "openfda" : { "brand_name" : [ [ "SODIUM CHLORIDE"]]}} , { "openfda" : { "brand_name" : [ [ "DEXTROSE"]]}} , { "openfda" : { "brand_name" : [ [ "ENALAPRIL MALEATE"]]}} , { "openfda" : { "brand_name" : [ [ "CLONAZEPAM"]]}} , { "openfda" : { "brand_name" : [ [ "ONDANSETRON HYDROCHLORIDE"]]}} , { "openfda" : { "brand_name" : [ [ "INDOMETHACIN"]]}} , { "openfda" : { "brand_name" : [ [ "ERYTHROMYCIN"]]}} , { "openfda" : { "brand_name" : [ [ "CANDESARTAN CILEXETIL"]]}} , { "openfda" : { "brand_name" : [ [ "PROMETHAZINE HYDROCHLORIDE"]]}} , { "openfda" : { "brand_name" : [ [ "RANITIDINE"]]}} , { "openfda" : { "brand_name" : [ [ "CABERGOLINE"]]}} , { "openfda" : { "brand_name" : [ [ "VANCOMYCIN HYDROCHLORIDE"]]}} , { "openfda" : { "brand_name" : [ [ "ALPRAZOLAM"]]}} , { "openfda" : { "brand_name" : [ [ "CHLORAPREP ONE-STEP"]]}} , { "openfda" : { "brand_name" : [ [ "DERMA-SMOOTHE/FS"]]}} , { "openfda" : { "brand_name" : [ [ "PARAGARD T 380A"]]}} , { "openfda" : { "brand_name" : [ [ "CARDEC"]]}} , { "openfda" : { "brand_name" : [ [ "FLUOCINOLONE ACETONIDE"]]}} , { "openfda" : { "brand_name" : [ [ "METRONIDAZOLE"]]}} , { "openfda" : { "brand_name" : [ [ "MAGNESIUM SULFATE"]]}} , { "openfda" : { "brand_name" : [ [ "DAYTRANA"]]}} , { "openfda" : { "brand_name" : [ [ "FLUOCINOLONE ACETONIDE"]]}} , { "openfda" : { "brand_name" : [ [ "SODIUM CHLORIDE"]]}} , { "openfda" : { "brand_name" : [ [ "SODIUM CHLORIDE"]]}} , { "openfda" : { "brand_name" : [ [ "TOPIRAMATE"]]}} , { "openfda" : { "brand_name" : [ [ "FLUOXETINE"]]}} , { "openfda" : { "brand_name" : [ [ "CYANOCOBALAMIN"]]}} , { "openfda" : { "brand_name" : [ [ "NIMODIPINE"]]}} , { "openfda" : { "brand_name" : [ [ "DAYWEAR"]]}} , { "openfda" : { "brand_name" : [ [ "TIKOSYN"]]}} , { "openfda" : { "brand_name" : [ [ "THERAFLU"]]}} , { "openfda" : { "brand_name" : [ [ "DAYTRANA"]]}} , { "openfda" : { "brand_name" : [ [ "AMOXICILLIN"]]}} , { "openfda" : { "brand_name" : [ [ "CETIRIZINE HYDROCHLORIDE"]]}} , { "openfda" : { "brand_name" : [ [ "METOPROLOL SUCCINATE"]]}} , { "openfda" : { "brand_name" : [ [ "CETACAINE ANESTHETIC"]]}} , { "openfda" : { "brand_name" : [ [ "ATRIPLA"]]}} , { "openfda" : { "brand_name" : [ [ "NICARDIPINE HYDROCHLORIDE"]]}} , { "openfda" : { "brand_name" : [ [ "ORPHENADRINE CITRATE"]]}} , { "openfda" : { "brand_name" : [ [ "MAPAP"]]}} , { "openfda" : { "brand_name" : [ [ "PACLITAXEL"]]}} , { "openfda" : { "brand_name" : [ [ "LEVOXYL"]]}} , { "openfda" : { "brand_name" : [ [ "DEXTROAMPHETAMINE SULFATE"]]}} , { "openfda" : { "brand_name" : [ [ "DICLOFENAC SODIUM AND MISOPROSTOL"]]}} , { "openfda" : { "brand_name" : [ [ "CHILDRENS LORATADINE"]]}} , { "openfda" : { "brand_name" : [ [ "INDOMETHACIN"]]}} , { "openfda" : { "brand_name" : [ [ "CALCIUM ACETATE"]]}} , { "openfda" : { "brand_name" : [ [ "FENOFIBRIC ACID"]]}} , { "openfda" : { "brand_name" : [ [ "HYPERLYTE"]]}} , { "openfda" : { "brand_name" : [ [ "CARBOPLATIN"]]}} , { "openfda" : { "brand_name" : [ [ "LEVOXYL"]]}} , { "openfda" : { "brand_name" : [ [ "AMLODIPINE AND BENAZEPRIL HYDROCHLORIDE"]]}} , { "openfda" : { "brand_name" : [ [ "PROPOFOL"]]}} , { "openfda" : { "brand_name" : [ [ "CEPACOL"]]}} , { "openfda" : { "brand_name" : [ [ "IRINOTECAN HYDROCHLORIDE"]]}} , { "openfda" : { "brand_name" : [ [ "ARGATROBAN"]]}} , { "openfda" : { "brand_name" : [ [ "PROPYLTHIOURACIL"]]}} , { "openfda" : { "brand_name" : [ [ "METHYLPREDNISOLONE"]]}} , { "openfda" : { "brand_name" : [ [ "HYDROXYZINE PAMOATE"]]}} , { "openfda" : { "brand_name" : [ [ "DERMA-SMOOTHE/FS"]]}} , { "openfda" : { "brand_name" : [ [ "ALPRAZOLAM"]]}} , { "openfda" : { "brand_name" : [ [ "PERINDOPRIL ERBUMINE"]]}} , { "openfda" : { "brand_name" : [ [ "PROCRIT"]]}} , { "openfda" : { "brand_name" : [ [ "PRISTIQ"]]}} , { "openfda" : { "brand_name" : [ [ "CEFAZOLIN SODIUM"]]}} , { "openfda" : { "brand_name" : [ [ "LEVOXYL"]]}} , { "openfda" : { "brand_name" : [ [ "CALCIUM GLUCONATE"]]}} , { "openfda" : { "brand_name" : [ [ "GABAPENTIN"]]}} , { "openfda" : { "brand_name" : [ [ "HEPARIN SODIUM AND SODIUM CHLORIDE"]]}} , { "openfda" : { "brand_name" : [ [ "WELCHOL"]]}} , { "openfda" : { "brand_name" : [ [ "DEMEROL"]]}} , { "openfda" : { "brand_name" : [ [ "GASTROGRAFIN"]]}} , { "openfda" : { "brand_name" : [ [ "OXCARBAZEPINE"]]}} , { "openfda" : { "brand_name" : [ [ "MEPROBAMATE"]]}} , { "openfda" : { "brand_name" : [ [ "CLINIMIX E"]]}} , { "openfda" : { "brand_name" : [ [ "FEMHRT"]]}} , { "openfda" : { "brand_name" : [ [ "DEXTROSE"]]}} , { "openfda" : { "brand_name" : [ [ "RIFADIN"]]}} , { "openfda" : { "brand_name" : [ [ "CHILDRENS PAIN AND FEVER ACETAMINOPHEN"]]}} , { "openfda" : { "brand_name" : [ [ "GLIMEPIRIDE"]]}} , { "openfda" : { "brand_name" : [ [ "THERAFLU"]]}} , { "openfda" : { "brand_name" : [ [ "TERAZOSIN HYDROCHLORIDE"]]}} , { "openfda" : { "brand_name" : [ [ "BENICAR"]]}} , { "openfda" : { "brand_name" : [ [ "CIPROFLOXACIN"]]}} , { "openfda" : { "brand_name" : [ [ "FLUCONAZOLE"]]}} , { "openfda" : { "brand_name" : [ [ "BUDESONIDE"]]}} , { "openfda" : { "brand_name" : [ [ "DEXTROSE"]]}} , { "openfda" : { "brand_name" : [ [ "CREON"]]}} , { "openfda" : { "brand_name" : [ [ "AMLODIPINE BESYLATE"]]}} , { "openfda" : { "brand_name" : [ [ "FUROSEMIDE"]]}} , { "openfda" : { "brand_name" : [ [ "LAMOTRIGINE"]]}} , { "openfda" : { "brand_name" : [ [ "LUSAIR"]]}} , { "openfda" : { "brand_name" : [ [ "FLUCONAZOLE"]]}} , { "openfda" : { "brand_name" : [ [ "QVAR"]]}} , { "openfda" : { "brand_name" : [ [ "VIRACEPT"]]}} , { "openfda" : { "brand_name" : [ [ "SODIUM CHLORIDE"]]}} , { "openfda" : { "brand_name" : [ [ "CARISOPRODOL"]]}} , { "openfda" : { "brand_name" : [ [ "SOLIRIS"]]}} , { "openfda" : { "brand_name" : [ [ "KETOROLAC TROMETHAMINE"]]}} , { "openfda" : { "brand_name" : [ [ "HYDROXYZINE PAMOATE"]]}} , { "openfda" : { "brand_name" : [ [ "CAPTOPRIL"]]}} , { "openfda" : { "brand_name" : [ [ "ATENOLOL"]]}} , { "openfda" : { "brand_name" : [ [ "ETHAMBUTOL HYDROCHLORIDE"]]}} , { "openfda" : { "brand_name" : [ [ "METHYLDOPA"]]}} , { "openfda" : { "brand_name" : [ [ "MULTIHANCE"]]}} , { "openfda" : { "brand_name" : [ [ "METFORMIN HYDROCHLORIDE"]]}} , { "openfda" : { "brand_name" : [ [ "TRIAMCINOLONE ACETONIDE"]]}} , { "openfda" : { "brand_name" : [ [ "SODIUM CHLORIDE"]]}} , { "openfda" : { "brand_name" : [ [ "CETIRIZINE HYDROCHLORIDE"]]}} , { "openfda" : { "brand_name" : [ [ "FENTANYL CITRATE"]]}} , { "openfda" : { "brand_name" : [ [ "ALPRAZOLAM"]]}} , { "openfda" : { "brand_name" : [ [ "CHILDRENS QPAP"]]}} , { "openfda" : { "brand_name" : [ [ "SPIRONOLACTONE"]]}} , { "openfda" : { "brand_name" : [ [ "DOXORUBICIN HYDROCHLORIDE"]]}} , { "openfda" : { "brand_name" : [ [ "CITALOPRAM HYDROBROMIDE"]]}} , { "openfda" : { "brand_name" : [ [ "ACETIC ACID"]]}} , { "openfda" : { "brand_name" : [ [ "PROPOFOL"]]}} , { "openfda" : { "brand_name" : [ [ "KETOROLAC TROMETHAMINE"]]}} , { "openfda" : { "brand_name" : [ [ "TOLTERODINE TARTRATE"]]}} , { "openfda" : { "brand_name" : [ [ "SODIUM CHLORIDE"]]}} , { "openfda" : { "brand_name" : [ [ "RIFAMPIN"]]}} , { "openfda" : { "brand_name" : [ [ "DIMETHICONE"]]}} , { "openfda" : { "brand_name" : [ [ "BUPROPION HYDROCHLORIDE"]]}} , { "openfda" : { "brand_name" : [ [ "LISINOPRIL WITH HYDROCHLOROTHIAZIDE"]]}} , { "openfda" : { "brand_name" : [ [ "DEXTROSE"]]}} , { "openfda" : { "brand_name" : [ [ "AMLODIPINE BESYLATE AND BENAZEPRIL HYDROCHLORIDE"]]}} , { "openfda" : { "brand_name" : [ [ "HUMCO MERCUROCLEAR"]]}} , { "openfda" : { "brand_name" : [ [ "LISINOPRIL"]]}} , { "openfda" : { "brand_name" : [ [ "DEXTROSE"]]}} , { "openfda" : { "brand_name" : [ [ "HEPARIN SODIUM AND DEXTROSE"]]}} , { "openfda" : { "brand_name" : [ [ "CEFEPIME HYDROCHLORIDE AND DEXTROSE"]]}} , { "openfda" : { "brand_name" : [ [ "QUETIAPINE FUMARATE"]]}} , { "openfda" : { "brand_name" : [ [ "TERAZOSIN HYDROCHLORIDE"]]}} , { "openfda" : { "brand_name" : [ [ "VANCOMYCIN HYDROCHLORIDE"]]}} , { "openfda" : { "brand_name" : [ [ "NIFEDIPINE"]]}} , { "openfda" : { "brand_name" : [ [ "LEVOXYL"]]}} , { "openfda" : { "brand_name" : [ [ "DICLOFENAC SODIUM AND MISOPROSTOL"]]}} , { "openfda" : { "brand_name" : [ [ "SODIUM ACETATE"]]}} , { "openfda" : { "brand_name" : [ [ "VISTIDE"]]}} , { "openfda" : { "brand_name" : [ [ "SODIUM SULFACETAMIDE, SULFUR"]]}} , { "openfda" : { "brand_name" : [ [ "TUMS"]]}} , { "openfda" : { "brand_name" : [ [ "AMBISOME"]]}} , { "openfda" : { "brand_name" : [ [ "OXYCODONE AND ACETAMINOPHEN"]]}} , { "openfda" : { "brand_name" : [ [ "ALPRAZOLAM"]]}} , { "openfda" : { "brand_name" : [ [ "CIPROFLOXACIN"]]}} , { "openfda" : { "brand_name" : [ [ "HYDROMORPHONE HYDROCHLORIDE"]]}} , { "openfda" : { "brand_name" : [ [ "CATAFLAM"]]}} , { "openfda" : { "brand_name" : [ [ "ARTHROTEC"]]}} , { "openfda" : { "brand_name" : [ [ "LAMOTRIGINE"]]}} , { "openfda" : { "brand_name" : [ [ "VALACYCLOVIR HYDROCHLORIDE"]]}} , { "openfda" : { "brand_name" : [ [ "DIVALPROEX SODIUM"]]}} , { "openfda" : { "brand_name" : [ [ "DEXTROSE"]]}} , { "openfda" : { "brand_name" : [ [ "ALBUTEROL SULFATE"]]}} , { "openfda" : { "brand_name" : [ [ "PAROXETINE HYDROCHLORIDE"]]}} , { "openfda" : { "brand_name" : [ [ "BUPROPION HYDROCHLORIDE"]]}} , { "openfda" : { "brand_name" : [ [ "GLIMEPIRIDE"]]}} , { "openfda" : { "brand_name" : [ [ "SODIUM CHLORIDE HYPERTONICITY"]]}} , { "openfda" : { "brand_name" : [ [ "LACTATED RINGERS AND DEXTROSE"]]}} , { "openfda" : { "brand_name" : [ [ "PROPOFOL"]]}} , { "openfda" : { "brand_name" : [ [ "ATORVASTATIN CALCIUM"]]}} , { "openfda" : { "brand_name" : [ [ "FAMOTIDINE"]]}} , { "openfda" : { "brand_name" : [ [ "TOPCARE INFANTS PAIN AND FEVER" , "PAIN AND FEVER" , "INFANTS PAIN AND FEVER"]]}} , { "openfda" : { "brand_name" : [ [ "DOPAMINE HYDROCHLORIDE AND DEXTROSE"]]}} , { "openfda" : { "brand_name" : [ [ "SODIUM CHLORIDE"]]}} , { "openfda" : { "brand_name" : [ [ "ACETAMINOPHEN AND CODEINE"]]}} , { "openfda" : { "brand_name" : [ [ "HALOPERIDOL DECANOATE"]]}} , { "openfda" : { "brand_name" : [ [ "CLINIMIX"]]}} , { "openfda" : { "brand_name" : [ [ "PROPOFOL"]]}} , { "openfda" : { "brand_name" : [ [ "NICORETTE"]]}} , { "openfda" : { "brand_name" : [ [ "METOCLOPRAMIDE"]]}} , { "openfda" : { "brand_name" : [ [ "BENZTROPINE MESYLATE"]]}} , { "openfda" : { "brand_name" : [ [ "NATACHEW"]]}} , { "openfda" : { "brand_name" : [ [ "COLISTIMETHATE SODIUM"]]}} , { "openfda" : { "brand_name" : [ [ "LIDOCAINE HYDROCHLORIDE"]]}} , { "openfda" : { "brand_name" : [ [ "SCRUB CARE PVIP SURGICAL SCRUB BRUSH"]]}} , { "openfda" : { "brand_name" : [ [ "PREDNISONE"]]}} , { "openfda" : { "brand_name" : [ [ "AMLODIPINE AND BENAZEPRIL HYDROCHLORIDE"]]}} , { "openfda" : { "brand_name" : [ [ "SODUM CHLORIDE"]]}} , { "openfda" : { "brand_name" : [ [ "ETHAMBUTOL"]]}} , { "openfda" : { "brand_name" : [ [ "ACYCLOVIR"]]}} , { "openfda" : { "brand_name" : [ [ "CUBICIN"]]}} , { "openfda" : { "brand_name" : [ [ "NISOLDIPINE"]]}} , { "openfda" : { "brand_name" : [ [ "DIAZEPAM"]]}} , { "openfda" : { "brand_name" : [ [ "SODIUM CHLORIDE"]]}} , { "openfda" : { "brand_name" : [ [ "LOSARTAN POTASSIUM"]]}} , { "openfda" : { "brand_name" : [ [ "MURO 128"]]}} , { "openfda" : { "brand_name" : [ [ "KIT FOR THE PREPARATION OF TECHNETIUM TC99M SESTAMIBI"]]}} , { "openfda" : { "brand_name" : [ [ "CITALOPRAM HYDROBROMIDE"]]}} , { "openfda" : { "brand_name" : [ [ "PLAVIX"]]}} , { "openfda" : { "brand_name" : [ [ "QVAR"]]}} , { "openfda" : { "brand_name" : [ [ "SODIUM CHLORIDE"]]}} , { "openfda" : { "brand_name" : [ [ "LOSARTAN POTASSIUM AND HYDROCHLOROTHIAZIDE"]]}} , { "openfda" : { "brand_name" : [ [ "CEFOXITIN AND DEXTROSE"]]}} , { "openfda" : { "brand_name" : [ [ "CELLCEPT"]]}} , { "openfda" : { "brand_name" : [ [ "BUPROPION HYDROCHLORIDE"]]}} , { "openfda" : { "brand_name" : [ [ "LOXAPINE"]]}} , { "openfda" : { "brand_name" : [ [ "PAXIL"]]}} , { "openfda" : { "brand_name" : [ [ "PROPRANOLOL"]]}} , { "openfda" : { "brand_name" : [ [ "ELOXATIN"]]}} , { "openfda" : { "brand_name" : [ [ "GABAPENTIN"]]}} , { "openfda" : { "brand_name" : [ [ "ENJUVIA"]]}} , { "openfda" : { "brand_name" : [ [ "LACTATED RINGERS AND DEXTROSE"]]}} , { "openfda" : { "brand_name" : [ [ "ZITHROMAX"]]}} , { "openfda" : { "brand_name" : [ [ "LEVOXYL"]]}} , { "openfda" : { "brand_name" : [ [ "LIPITOR"]]}} , { "openfda" : { "brand_name" : [ [ "METOCLOPRAMIDE HYDROCHLORIDE"]]}} , { "openfda" : { "brand_name" : [ [ "LAC-HYDRIN"]]}} , { "openfda" : { "brand_name" : [ [ "LANSOPRAZOLE"]]}} , { "openfda" : { "brand_name" : [ [ "BUPRENORPHINE HYDROCHLORIDE"]]}} , { "openfda" : { "brand_name" : [ [ "PHENYTOIN"]]}} , { "openfda" : { "brand_name" : [ [ "METHYLPHENIDATE HYDROCHLORIDE"]]}} , { "openfda" : { "brand_name" : [ [ "TEMODAR"]]}} , { "openfda" : { "brand_name" : [ [ "FENTANYL CITRATE"]]}} , { "openfda" : { "brand_name" : [ [ "DERMA-SMOOTHE/FS"]]}} , { "openfda" : { "brand_name" : [ [ "SPIRIVA"]]}} , { "openfda" : { "brand_name" : [ [ "BUPRENORPHINE HYDROCHLORIDE"]]}} , { "openfda" : { "brand_name" : [ [ "SODIUM CHLORIDE"]]}} , { "openfda" : { "brand_name" : [ [ "LOXAPINE"]]}} , { "openfda" : { "brand_name" : [ [ "ONCASPAR"]]}} , { "openfda" : { "brand_name" : [ [ "PROPOFOL"]]}} , { "openfda" : { "brand_name" : [ [ "MULTIHANCE"]]}} , { "openfda" : { "brand_name" : [ [ "FLUOXETINE"]]}} , { "openfda" : { "brand_name" : [ [ "AMLODIPINE AND BENAZEPRIL HYDROCHLORIDE"]]}} , { "openfda" : { "brand_name" : [ [ "PIPERACILLIN AND TAZOBACTAM"]]}} , { "openfda" : { "brand_name" : [ [ "MERCAPTOPURINE"]]}} , { "openfda" : { "brand_name" : [ [ "GEMCITABINE"]]}} , { "openfda" : { "brand_name" : [ [ "TRIBENZOR"]]}} , { "openfda" : { "brand_name" : [ [ "PAXIL"]]}} , { "openfda" : { "brand_name" : [ [ "LIPTRUZET"]]}} , { "openfda" : { "brand_name" : [ [ "CALCITRIOL"]]}} , { "openfda" : { "brand_name" : [ [ "ENDOMETRIN"]]}} , { "openfda" : { "brand_name" : [ [ "ROPINIROLE"]]}} , { "openfda" : { "brand_name" : [ [ "SODIUM CHLORIDE"]]}} , { "openfda" : { "brand_name" : [ [ "OFIRMEV"]]}} , { "openfda" : { "brand_name" : [ [ "PULMICORT RESPULES"]]}} , { "openfda" : { "brand_name" : [ [ "AMLODIPINE BESYLATE"]]}} , { "openfda" : { "brand_name" : [ [ "METHYLDOPA"]]}} , { "openfda" : { "brand_name" : [ [ "MERCAPTOPURINE"]]}} , { "openfda" : { "brand_name" : [ [ "CARBIDOPA AND LEVODOPA"]]}} , { "openfda" : { "brand_name" : [ [ "ZOLPIDEM TARTRATE"]]}} , { "openfda" : { "brand_name" : [ [ "POTASSIUM CHLORIDE"]]}} , { "openfda" : { "brand_name" : [ [ "TRUVADA"]]}} , { "openfda" : { "brand_name" : [ [ "ETHAMBUTOL"]]}} , { "openfda" : { "brand_name" : [ [ "CIPROFLOXACIN"]]}} , { "openfda" : { "brand_name" : [ [ "BENZONATATE"]]}} , { "openfda" : { "brand_name" : [ [ "AMLODIPINE BESYLATE"]]}} , { "openfda" : { "brand_name" : [ [ "KETOROLAC TROMETHAMINE"]]}} , { "openfda" : { "brand_name" : [ [ "METOPROLOL SUCCINATE"]]}} , { "openfda" : { "brand_name" : [ [ "METOPROLOL SUCCINATE"]]}} , { "openfda" : { "brand_name" : [ [ "MINIVELLE"]]}} , { "openfda" : { "brand_name" : [ [ "PANTOPRAZOLE SODIUM"]]}} , { "openfda" : { "brand_name" : [ [ "FLUOCINONIDE"]]}} , { "openfda" : { "brand_name" : [ [ "KETOCONAZOLE"]]}} , { "openfda" : { "brand_name" : [ [ "CLEOCIN PHOSPHATE"]]}} , { "openfda" : { "brand_name" : [ [ "CARBOPLATIN"]]}} , { "openfda" : { "brand_name" : [ [ "ADVIL PM"]]}} , { "openfda" : { "brand_name" : [ [ "CLEOCIN PHOSPHATE"]]}} , { "openfda" : { "brand_name" : [ [ "CARBOPLATIN"]]}} , { "openfda" : { "brand_name" : [ [ "ADVIL PM"]]}} , { "openfda" : { "brand_name" : [ [ "SODIUM CHLORIDE"]]}} , { "openfda" : { "brand_name" : [ [ "BROVEX PSB DM"]]}} , { "openfda" : { "brand_name" : [ [ "NICARDIPINE HYDROCHLORIDE"]]}} , { "openfda" : { "brand_name" : [ [ "VENLAFAXINE"]]}} , { "openfda" : { "brand_name" : [ [ "DERMA-SMOOTHE/FS"]]}} , { "openfda" : { "brand_name" : [ [ "KETOROLAC TROMETHAMINE"]]}} , { "openfda" : { "brand_name" : [ [ "HYDROXYZINE HYDROCHLORIDE"]]}} , { "openfda" : { "brand_name" : [ [ "FOSPHENYTOIN SODIUM"]]}} , { "openfda" : { "brand_name" : [ [ "THERAFLU"]]}} , { "openfda" : { "brand_name" : [ [ "FOSPHENYTOIN SODIUM"]]}} , { "openfda" : { "brand_name" : [ [ "NICORETTE"]]}} , { "openfda" : { "brand_name" : [ [ "CLINIMIX E"]]}} , { "openfda" : { "brand_name" : [ [ "ELOXATIN"]]}} , { "openfda" : { "brand_name" : [ [ "SYNTHROID"]]}} , { "openfda" : { "brand_name" : [ [ "DIANEAL LOW CALCIUM WITH DEXTROSE"]]}} , { "openfda" : { "brand_name" : [ [ "METRONIDAZOLE"]]}} , { "openfda" : { "brand_name" : [ [ "DEPO-MEDROL"]]}} , { "openfda" : { "brand_name" : [ [ "LISINOPRIL"]]}} , { "openfda" : { "brand_name" : [ [ "QUETIAPINE FUMARATE"]]}} , { "openfda" : { "brand_name" : [ [ "VOLTAREN"]]}} , { "openfda" : { "brand_name" : [ [ "METFORMIN HYDROCHLORIDE"]]}} , { "openfda" : { "brand_name" : [ [ "PROCALAMINE"]]}} , { "openfda" : { "brand_name" : [ [ "METHYLPHENIDATE HYDROCHLORIDE"]]}} , { "openfda" : { "brand_name" : [ [ "BUPIVACAINE HYDROCHLORIDE"]]}} , { "openfda" : { "brand_name" : [ [ "LIPTRUZET"]]}} , { "openfda" : { "brand_name" : [ [ "BUPIVACAINE HYDROCHLORIDE"]]}} , { "openfda" : { "brand_name" : [ [ "NICOTINE" , "NICORETTE"]]}} , { "openfda" : { "brand_name" : [ [ "DAYTRANA"]]}} , { "openfda" : { "brand_name" : [ [ "LEVOXYL"]]}} , { "openfda" : { "brand_name" : [ [ "PREFERAOB ONE"]]}} , { "openfda" : { "brand_name" : [ [ "4 WAY"]]}} , { "openfda" : { "brand_name" : [ [ "DAYTRANA"]]}} , { "openfda" : { "brand_name" : [ [ "MARCAINE"]]}} , { "openfda" : { "brand_name" : [ [ "FUL-GLO"]]}} , { "openfda" : { "brand_name" : [ [ "CUBICIN"]]}} , { "openfda" : { "brand_name" : [ [ "ADVAIR HFA"]]}} , { "openfda" : { "brand_name" : [ [ "NICOTINE" , "NICORETTE"]]}} , { "openfda" : { "brand_name" : [ [ "DAYTRANA"]]}} , { "openfda" : { "brand_name" : [ [ "CLINIMIX E"]]}} , { "openfda" : { "brand_name" : [ [ "NICORETTE"]]}} , { "openfda" : { "brand_name" : [ [ "DAYTRANA"]]}} , { "openfda" : { "brand_name" : [ [ "CLINIMIX E"]]}} , { "openfda" : { "brand_name" : [ [ "DULOXETINE"]]}} , { "openfda" : { "brand_name" : [ [ "DEXTROSE"]]}} , { "openfda" : { "brand_name" : [ [ "VECURONIUM"]]}} , { "openfda" : { "brand_name" : [ [ "NICORETTE"]]}} , { "openfda" : { "brand_name" : [ [ "LEVOXYL"]]}} , { "openfda" : { "brand_name" : [ [ "PRAMIPEXOLE DIHYDROCHLORIDE"]]}} , { "openfda" : { "brand_name" : [ [ "SODIUM CHLORIDE"]]}} , { "openfda" : { "brand_name" : [ [ "GLOSTRIPS" , "FUL-GLO"]]}} , { "openfda" : { "brand_name" : [ [ "LORATADINE AND PSEUDOEPHEDRINE SULFATE"]]}} , { "openfda" : { "brand_name" : [ [ "LEUCOVORIN CALCIUM"]]}} , { "openfda" : { "brand_name" : [ [ "NATA KOMPLETE"]]}} , { "openfda" : { "brand_name" : [ [ "MEROPENEM"]]}} , { "openfda" : { "brand_name" : [ [ "TIZANIDINE"]]}} , { "openfda" : { "brand_name" : [ [ "MIDOL COMPLETE"]]}} , { "openfda" : { "brand_name" : [ [ "AIR"]]}} , { "openfda" : { "brand_name" : [ [ "TOPCARE INFANTS PAIN AND FEVER" , "LEADER PAIN AND FEVER" , "PAIN AND FEVER" , "EQUATE PAIN AND FEVER"]]}} , { "openfda" : { "brand_name" : [ [ "LEVOXYL"]]}} , { "openfda" : { "brand_name" : [ [ "VANCOMYCIN HYDROCHLORIDE"]]}} , { "openfda" : { "brand_name" : [ [ "DICLOFENAC SODIUM AND MISOPROSTOL"]]}} , { "openfda" : { "brand_name" : [ [ "BUPIVACAINE HYDROCHLORIDE"]]}} , { "openfda" : { "brand_name" : [ [ "CARBAMAZEPINE"]]}} , { "openfda" : { "brand_name" : [ [ "BROMFENAC" , "BROMFENAC OPHTHALMIC SOLUTION, 0.09%"]]}} , { "openfda" : { "brand_name" : [ [ "LEVETIRACETAM"]]}} , { "openfda" : { "brand_name" : [ [ "INDOMETHACIN"]]}} , { "openfda" : { "brand_name" : [ [ "OXCARBAZEPINE"]]}} , { "openfda" : { "brand_name" : [ [ "BENICAR HCT"]]}} , { "openfda" : { "brand_name" : [ [ "DERMA-SMOOTHE/FS"]]}} , { "openfda" : { "brand_name" : [ [ "OMEPRAZOLE"]]}} , { "openfda" : { "brand_name" : [ [ "GILTUSS"]]}} , { "openfda" : { "brand_name" : [ [ "HEPARIN SODIUM"]]}} , { "openfda" : { "brand_name" : [ [ "RITALIN"]]}} , { "openfda" : { "brand_name" : [ [ "HEALTHY ACCENTS INFANTS PAIN AND FEVER" , "BABIES R US PAIN AND FEVER" , "PAIN AND FEVER" , "LEADER PAIN AND FEVER" , "HEALTH MART PAIN AND FEVER"]]}} , { "openfda" : { "brand_name" : [ [ "DEXTROAMPHETAMINE SACCHARATE, AMPHETAMINE ASPARTATE, DEXTROAMPHETAMINE SULFATE AND AMPHETAMINE SULFATE"]]}} , { "openfda" : { "brand_name" : [ [ "LIDOCAINE HYDROCHLORIDE"]]}} , { "openfda" : { "brand_name" : [ [ "METHYLPHENIDATE HYDROCHLORIDE"]]}} , { "openfda" : { "brand_name" : [ [ "BUPROPION HYDROCHLORIDE"]]}} , { "openfda" : { "brand_name" : [ [ "TOPIRAMATE"]]}} , { "openfda" : { "brand_name" : [ [ "DILTIAZEM HYDROCHLORIDE"]]}} , { "openfda" : { "brand_name" : [ [ "LAMISIL"]]}} , { "openfda" : { "brand_name" : [ [ "KETOCONAZOLE"]]}} , { "openfda" : { "brand_name" : [ [ "LISINOPRIL"]]}} , { "openfda" : { "brand_name" : [ [ "BUPIVACAINE HYDROCHLORIDE"]]}} , { "openfda" : { "brand_name" : [ [ "AMBISOME"]]}} , { "openfda" : { "brand_name" : [ [ "NEXIUM"]]}} , { "openfda" : { "brand_name" : [ [ "BUPROPION HYDROCHLORIDE"]]}} , { "openfda" : { "brand_name" : [ [ "HYDROCODONE BITARTRATE AND ACETAMINOPHEN"]]}} , { "openfda" : { "brand_name" : [ [ "CEPHALEXIN"]]}} , { "openfda" : { "brand_name" : [ [ "GABAPENTIN"]]}} , { "openfda" : { "brand_name" : [ [ "NICORETTE"]]}} , { "openfda" : { "brand_name" : [ [ "BYSTOLIC"]]}} , { "openfda" : { "brand_name" : [ [ "SODIUM CHLORIDE"]]}} , { "openfda" : { "brand_name" : [ [ "NICOTINE MINI" , "UP AND UP NICOTINE" , "NICOTINE" , "CAREONE NICOTINE" , "EQUATE NICOTINE"]]}} , { "openfda" : { "brand_name" : [ [ "METHOTREXATE"]]}} , { "openfda" : { "brand_name" : [ [ "EYE DROPS ADVANCED RELIEF"]]}} , { "openfda" : { "brand_name" : [ [ "CARISOPRODOL"]]}} , { "openfda" : { "brand_name" : [ [ "CARBOPLATIN"]]}} , { "openfda" : { "brand_name" : [ [ "WARFARIN SODIUM"]]}} , { "openfda" : { "brand_name" : [ [ "OCTREOTIDE ACETATE"]]}} , { "openfda" : { "brand_name" : [ [ "LIPTRUZET"]]}} , { "openfda" : { "brand_name" : [ [ "HYDROCODONE BITARTRATE AND ACETAMINOPHEN"]]}} , { "openfda" : { "brand_name" : [ [ "DIANEAL LOW CALCIUM WITH DEXTROSE"]]}} , { "openfda" : { "brand_name" : [ [ "AMLODIPINE AND BENAZEPRIL HYDROCHLORIDE"]]}} , { "openfda" : { "brand_name" : [ [ "PRAVASTATIN SODIUM"]]}} , { "openfda" : { "brand_name" : [ [ "LEVOXYL"]]}} , { "openfda" : { "brand_name" : [ [ "HYDROMORPHONE HYDROCHLORIDE"]]}} , { "openfda" : { "brand_name" : [ [ "ABILIFY"]]}} , { "openfda" : { "brand_name" : [ [ "DAY TIME"]]}} , { "openfda" : { "brand_name" : [ [ "SYNTHROID"]]}} , { "openfda" : { "brand_name" : [ [ "TRIACTING NIGHT TIME"]]}} , { "openfda" : { "brand_name" : [ [ "HYDROXYZINE HYDROCHLORIDE"]]}} , { "openfda" : { "brand_name" : [ [ "DIANEAL LOW CALCIUM WITH DEXTROSE"]]}} , { "openfda" : { "brand_name" : [ [ "SYNTHROID"]]}} , { "openfda" : { "brand_name" : [ [ "VASOTEC"]]}} , { "openfda" : { "brand_name" : [ [ "EYE DROPS REGULAR"]]}} , { "openfda" : { "brand_name" : [ [ "CAREONE PAIN RELIEF" , "PAIN AND FEVER" , "EQUATE PAIN AND FEVER" , "EQUALINE INFANTS PAIN AND FEVER" , "UP AND UP DYE FREE INFANTS PAIN AND FEVER ACETAMINOPHEN"]]}} , { "openfda" : { "brand_name" : [ [ "THERAFLU"]]}} , { "openfda" : { "brand_name" : [ [ "VENLAFAXINE HYDROCHLORIDE"]]}}]}