{ "count" : 815 , "results" : [ { "openfda" : { "manufacturer_name" : [ [ "Perrigo New York Inc"]]}} , { "openfda" : { "manufacturer_name" : [ [ "United Research Laboratories, Inc."]]}} , { "openfda" : { "manufacturer_name" : [ [ "Pharmalucence, Inc."]]}} , { "openfda" : { "manufacturer_name" : [ [ "Hospira, Inc."]]}} , { "openfda" : { "manufacturer_name" : [ [ "Hospira, Inc."]]}} , { "openfda" : { "manufacturer_name" : [ [ "Physicians Total Care, Inc."]]}} , { "openfda" : { "manufacturer_name" : [ [ "Hospira, Inc."]]}} , { "openfda" : { "manufacturer_name" : [ [ "Apotex Corp"]]}} , { "openfda" : { "manufacturer_name" : [ [ "APP Pharmaceuticals, LLC"]]}} , { "openfda" : { "manufacturer_name" : [ [ "Novartis Pharmaceuticals Corporation"]]}} , { "openfda" : { "manufacturer_name" : [ [ "sanofi-aventis U.S. LLC"]]}} , { "openfda" : { "manufacturer_name" : [ [ "Physicians Total Care, Inc."]]}} , { "openfda" : { "manufacturer_name" : [ [ "Actavis Inc."]]}} , { "openfda" : { "manufacturer_name" : [ [ "American Health Packaging"]]}} , { "openfda" : { "manufacturer_name" : [ [ "Upsher-Smith Laboratories, Inc."]]}} , { "openfda" : { "manufacturer_name" : [ [ "Hospira, Inc."]]}} , { "openfda" : { "manufacturer_name" : [ [ "Micro Labs Limited"]]}} , { "openfda" : { "manufacturer_name" : [ [ "Physicians Total Care, Inc."]]}} , { "openfda" : { "manufacturer_name" : [ [ "Major Pharmaceuticals"]]}} , { "openfda" : { "manufacturer_name" : [ [ "Hospira, Inc."]]}} , { "openfda" : { "manufacturer_name" : [ [ "Physicians Total Care, Inc"]]}} , { "openfda" : { "manufacturer_name" : [ [ "Hospira, Inc."]]}} , { "openfda" : { "manufacturer_name" : [ [ "VistaPharm Inc."]]}} , { "openfda" : { "manufacturer_name" : [ [ "Hospira, Inc."]]}} , { "openfda" : { "manufacturer_name" : [ [ "Ranbaxy Laboratories Inc."]]}} , { "openfda" : { "manufacturer_name" : [ [ "Mylan Pharmaceuticals Inc."]]}} , { "openfda" : { "manufacturer_name" : [ [ "Teva Pharmaceuticals USA Inc"]]}} , { "openfda" : { "manufacturer_name" : [ [ "VistaPharm Inc."]]}} , { "openfda" : { "manufacturer_name" : [ [ "Ranbaxy Pharmaceuticals Inc."]]}} , { "openfda" : { "manufacturer_name" : [ [ "Teva Pharmaceuticals USA Inc"]]}} , { "openfda" : { "manufacturer_name" : [ [ "Mylan Institutional LLC"]]}} , { "openfda" : { "manufacturer_name" : [ [ "Merck Sharp & Dohme Corp."]]}} , { "openfda" : { "manufacturer_name" : [ [ "West-ward Pharmaceutical Corp."]]}} , { "openfda" : { "manufacturer_name" : [ [ "Hospira, Inc."]]}} , { "openfda" : { "manufacturer_name" : [ [ "GlaxoSmithKline Consumer Healthcare LP"]]}} , { "openfda" : { "manufacturer_name" : [ [ "Hill Dermaceuticals, Inc."]]}} , { "openfda" : { "manufacturer_name" : [ [ "Hospira, Inc."]]}} , { "openfda" : { "manufacturer_name" : [ [ "Boehringer Ingelheim Pharmaceuticals Inc."]]}} , { "openfda" : { "manufacturer_name" : [ [ "Fresenius Kabi USA, LLC" , "Nexus Pharmaceuticals Inc"]]}} , { "openfda" : { "manufacturer_name" : [ [ "Teva Pharmaceuticals USA Inc"]]}} , { "openfda" : { "manufacturer_name" : [ [ "Eckson Labs, LLC"]]}} , { "openfda" : { "manufacturer_name" : [ [ "Hospira, Inc."]]}} , { "openfda" : { "manufacturer_name" : [ [ "American Regent, Inc."]]}} , { "openfda" : { "manufacturer_name" : [ [ "Versa Pharmaceutical"]]}} , { "openfda" : { "manufacturer_name" : [ [ "Hospira, Inc."]]}} , { "openfda" : { "manufacturer_name" : [ [ "Watson Laboratories, Inc."]]}} , { "openfda" : { "manufacturer_name" : [ [ "Sigma-Tau Pharmaceuticals, Inc."]]}} , { "openfda" : { "manufacturer_name" : [ [ "Hospira, Inc."]]}} , { "openfda" : { "manufacturer_name" : [ [ "BRACCO DIAGNOSTICS INC"]]}} , { "openfda" : { "manufacturer_name" : [ [ "Pliva Inc."]]}} , { "openfda" : { "manufacturer_name" : [ [ "Mylan Pharmaceuticals Inc."]]}} , { "openfda" : { "manufacturer_name" : [ [ "Apotex Corporation"]]}} , { "openfda" : { "manufacturer_name" : [ [ "Dr. Reddy's Laboratories Limited"]]}} , { "openfda" : { "manufacturer_name" : [ [ "American Health Packaging"]]}} , { "openfda" : { "manufacturer_name" : [ [ "Teva Respiratory, LLC"]]}} , { "openfda" : { "manufacturer_name" : [ [ "Teva Pharmaceuticals USA Inc"]]}} , { "openfda" : { "manufacturer_name" : [ [ "Jubilant Cadista Pharmaceuticals Inc."]]}} , { "openfda" : { "manufacturer_name" : [ [ "Glenmark Generics Inc., USA"]]}} , { "openfda" : { "manufacturer_name" : [ [ "B. Braun Medical Inc."]]}} , { "openfda" : { "manufacturer_name" : [ [ "Pfizer Laboratories Div Pfizer Inc"]]}} , { "openfda" : { "manufacturer_name" : [ [ "Genentech, Inc."]]}} , { "openfda" : { "manufacturer_name" : [ [ "Watson Laboratories, Inc."]]}} , { "openfda" : { "manufacturer_name" : [ [ "McKesson Packaging Services a Business unit of McKesson Corporation"]]}} , { "openfda" : { "manufacturer_name" : [ [ "Watson Laboratories, Inc."]]}} , { "openfda" : { "manufacturer_name" : [ [ "Otsuka America Pharmaceutical, Inc."]]}} , { "openfda" : { "manufacturer_name" : [ [ "Pfizer Laboratories Div Pfizer Inc"]]}} , { "openfda" : { "manufacturer_name" : [ [ "Hospira, Inc."]]}} , { "openfda" : { "manufacturer_name" : [ [ "Pfizer Laboratories Div Pfizer Inc"]]}} , { "openfda" : { "manufacturer_name" : [ [ "Par Pharmaceutical Companies, Inc."]]}} , { "openfda" : { "manufacturer_name" : [ [ "Sun Pharma Global FZE"]]}} , { "openfda" : { "manufacturer_name" : [ [ "Daiichi Sankyo, Inc."]]}} , { "openfda" : { "manufacturer_name" : [ [ "Apotex Corp"]]}} , { "openfda" : { "manufacturer_name" : [ [ "Merck Sharp & Dohme Corp."]]}} , { "openfda" : { "manufacturer_name" : [ [ "Roxane Laboratories, Inc"]]}} , { "openfda" : { "manufacturer_name" : [ [ "Ferring Pharmaceuticals Inc."]]}} , { "openfda" : { "manufacturer_name" : [ [ "Sandoz Inc"]]}} , { "openfda" : { "manufacturer_name" : [ [ "Hospira, Inc."]]}} , { "openfda" : { "manufacturer_name" : [ [ "Cadence Pharmaceuticals, Inc."]]}} , { "openfda" : { "manufacturer_name" : [ [ "AstraZeneca LP"]]}} , { "openfda" : { "manufacturer_name" : [ [ "Legacy Pharmaceutical Packaging"]]}} , { "openfda" : { "manufacturer_name" : [ [ "Teva Pharmaceuticals USA Inc"]]}} , { "openfda" : { "manufacturer_name" : [ [ "American Health Packaging"]]}} , { "openfda" : { "manufacturer_name" : [ [ "Teva Pharmaceuticals USA Inc"]]}} , { "openfda" : { "manufacturer_name" : [ [ "American Health Packaging"]]}} , { "openfda" : { "manufacturer_name" : [ [ "Baxter Healthcare Corporation"]]}} , { "openfda" : { "manufacturer_name" : [ [ "Gilead Sciences, Inc"]]}} , { "openfda" : { "manufacturer_name" : [ [ "Versa Pharmaceutical"]]}} , { "openfda" : { "manufacturer_name" : [ [ "Mylan Pharmaceuticals Inc."]]}} , { "openfda" : { "manufacturer_name" : [ [ "Zydus Pharmaceuticals (USA) Inc."]]}} , { "openfda" : { "manufacturer_name" : [ [ "Qualitest Pharmaceuticals"]]}} , { "openfda" : { "manufacturer_name" : [ [ "Sagent Pharmaceuticals"]]}} , { "openfda" : { "manufacturer_name" : [ [ "Wockhardt USA LLC."]]}} , { "openfda" : { "manufacturer_name" : [ [ "Mylan Pharmaceuticals Inc."]]}} , { "openfda" : { "manufacturer_name" : [ [ "Noven Therapeutics, LLC"]]}} , { "openfda" : { "manufacturer_name" : [ [ "Jubilant Cadista Pharmaceuticals Inc."]]}} , { "openfda" : { "manufacturer_name" : [ [ "E. FOUGERA & CO., A division of Fougera Pharmaceuticals Inc."]]}} , { "openfda" : { "manufacturer_name" : [ [ "E. FOUGERA & CO. A division of Fougera Pharmaceuticals Inc."]]}} , { "openfda" : { "manufacturer_name" : [ [ "Apotex Corp."]]}} , { "openfda" : { "manufacturer_name" : [ [ "Cubist Pharmaceuticals, Inc."]]}} , { "openfda" : { "manufacturer_name" : [ [ "Golden State Medical Supply, Inc."]]}} , { "openfda" : { "manufacturer_name" : [ [ "Bausch & Lomb Incorporated"]]}} , { "openfda" : { "manufacturer_name" : [ [ "Hospira, Inc."]]}} , { "openfda" : { "manufacturer_name" : [ [ "Qualitest Pharmaceuticals"]]}} , { "openfda" : { "manufacturer_name" : [ [ "CorePharma, LLC"]]}} , { "openfda" : { "manufacturer_name" : [ [ "Daiichi Sankyo, Inc."]]}} , { "openfda" : { "manufacturer_name" : [ [ "Barr Laboratories Inc."]]}} , { "openfda" : { "manufacturer_name" : [ [ "Apotex Corp"]]}} , { "openfda" : { "manufacturer_name" : [ [ "Hospira, Inc."]]}} , { "openfda" : { "manufacturer_name" : [ [ "Physicians Total Care, Inc."]]}} , { "openfda" : { "manufacturer_name" : [ [ "Watson Laboratories, Inc."]]}} , { "openfda" : { "manufacturer_name" : [ [ "Pfizer Laboratories Div Pfizer Inc"]]}} , { "openfda" : { "manufacturer_name" : [ [ "Major Pharmaceuticals"]]}} , { "openfda" : { "manufacturer_name" : [ [ "Baxter Healthcare Corporation"]]}} , { "openfda" : { "manufacturer_name" : [ [ "Hospira, Inc."]]}} , { "openfda" : { "manufacturer_name" : [ [ "Apotex Corporation"]]}} , { "openfda" : { "manufacturer_name" : [ [ "Sun Pharmaceutical Industries Limited"]]}} , { "openfda" : { "manufacturer_name" : [ [ "Zydus Pharmaceuticals (USA) Inc."]]}} , { "openfda" : { "manufacturer_name" : [ [ "ViiV Healthcare Company"]]}} , { "openfda" : { "manufacturer_name" : [ [ "Hospira, Inc."]]}} , { "openfda" : { "manufacturer_name" : [ [ "Versa Pharmaceutical"]]}} , { "openfda" : { "manufacturer_name" : [ [ "APP Pharmaceuticals, LLC"]]}} , { "openfda" : { "manufacturer_name" : [ [ "Barr Laboratories Inc."]]}} , { "openfda" : { "manufacturer_name" : [ [ "Mutual Pharmaceutical Company, Inc."]]}} , { "openfda" : { "manufacturer_name" : [ [ "Zydus Pharmaceuticals (USA) Inc."]]}} , { "openfda" : { "manufacturer_name" : [ [ "Baxter Healthcare Corporation"]]}} , { "openfda" : { "manufacturer_name" : [ [ "Hospira, Inc."]]}} , { "openfda" : { "manufacturer_name" : [ [ "Precision Dose Inc."]]}} , { "openfda" : { "manufacturer_name" : [ [ "Qualitest Pharmaceuticals"]]}} , { "openfda" : { "manufacturer_name" : [ [ "American Health Packaging"]]}} , { "openfda" : { "manufacturer_name" : [ [ "Baxter Healthcare Corporation"]]}} , { "openfda" : { "manufacturer_name" : [ [ "GlaxoSmithKline LLC"]]}} , { "openfda" : { "manufacturer_name" : [ [ "Actavis Pharma, Inc."]]}} , { "openfda" : { "manufacturer_name" : [ [ "West-ward Pharmaceutical Corp" , "VersaPharm Incorporated"]]}} , { "openfda" : { "manufacturer_name" : [ [ "Hospira, Inc."]]}} , { "openfda" : { "manufacturer_name" : [ [ "Hill Dermaceuticals, Inc."]]}} , { "openfda" : { "manufacturer_name" : [ [ "Eon Labs, Inc."]]}} , { "openfda" : { "manufacturer_name" : [ [ "Pinnacle Biologics, Inc."]]}} , { "openfda" : { "manufacturer_name" : [ [ "Mylan Institutional LLC"]]}} , { "openfda" : { "manufacturer_name" : [ [ "Mylan Pharmaceuticals Inc."]]}} , { "openfda" : { "manufacturer_name" : [ [ "Baxter Healthcare Corporation"]]}} , { "openfda" : { "manufacturer_name" : [ [ "Par Pharmaceutical Companies, Inc."]]}} , { "openfda" : { "manufacturer_name" : [ [ "Baxter Healthcare Corporation"]]}} , { "openfda" : { "manufacturer_name" : [ [ "Roxane Laboratories, Inc."]]}} , { "openfda" : { "manufacturer_name" : [ [ "Hospira, Inc."]]}} , { "openfda" : { "manufacturer_name" : [ [ "Hospira, Inc."]]}} , { "openfda" : { "manufacturer_name" : [ [ "Teva Neuroscience, Inc."]]}} , { "openfda" : { "manufacturer_name" : [ [ "VersaPharm Incorporated"]]}} , { "openfda" : { "manufacturer_name" : [ [ "Hi-Tech Pharmacal Co., Inc."]]}} , { "openfda" : { "manufacturer_name" : [ [ "Humphreyline"]]}} , { "openfda" : { "manufacturer_name" : [ [ "Piramal Critical Care Inc"]]}} , { "openfda" : { "manufacturer_name" : [ [ "Apotex Corp."]]}} , { "openfda" : { "manufacturer_name" : [ [ "Hospira Worldwide, Inc."]]}} , { "openfda" : { "manufacturer_name" : [ [ "West-Ward Pharmaceutical Corp"]]}} , { "openfda" : { "manufacturer_name" : [ [ "Hospira, Inc."]]}} , { "openfda" : { "manufacturer_name" : [ [ "JHP Pharmaceuticals LLC"]]}} , { "openfda" : { "manufacturer_name" : [ [ "Apotex Corp"]]}} , { "openfda" : { "manufacturer_name" : [ [ "B. Braun Medical Inc."]]}} , { "openfda" : { "manufacturer_name" : [ [ "B. Braun Medical Inc."]]}} , { "openfda" : { "manufacturer_name" : [ [ "Pfizer Laboratories Div Pfizer Inc"]]}} , { "openfda" : { "manufacturer_name" : [ [ "Wockhardt USA LLC."]]}} , { "openfda" : { "manufacturer_name" : [ [ "CareFusion 213 LLC"]]}} , { "openfda" : { "manufacturer_name" : [ [ "Roxane Laboratories, Inc"]]}} , { "openfda" : { "manufacturer_name" : [ [ "Dr Reddys Laboratories Inc"]]}} , { "openfda" : { "manufacturer_name" : [ [ "Baxter Healthcare Corporation"]]}} , { "openfda" : { "manufacturer_name" : [ [ "Baxter Healthcare Corporation"]]}} , { "openfda" : { "manufacturer_name" : [ [ "Hospira, Inc."]]}} , { "openfda" : { "manufacturer_name" : [ [ "Watson Laboratories, Inc."]]}} , { "openfda" : { "manufacturer_name" : [ [ "CareFusion 213 LLC"]]}} , { "openfda" : { "manufacturer_name" : [ [ "Fresenius Kabi USA, LLC"]]}} , { "openfda" : { "manufacturer_name" : [ [ "Nomax Inc."]]}} , { "openfda" : { "manufacturer_name" : [ [ "AvPAK"]]}} , { "openfda" : { "manufacturer_name" : [ [ "TRIGEN Laboratories, Inc."]]}} , { "openfda" : { "manufacturer_name" : [ [ "Valeant Pharmaceuticals North America LLC"]]}} , { "openfda" : { "manufacturer_name" : [ [ "CareFusion 213 LLC"]]}} , { "openfda" : { "manufacturer_name" : [ [ "Hospira Worldwide, Inc."]]}} , { "openfda" : { "manufacturer_name" : [ [ "Actavis Pharma, Inc."]]}} , { "openfda" : { "manufacturer_name" : [ [ "Glenmark Generics Inc., USA"]]}} , { "openfda" : { "manufacturer_name" : [ [ "Daiichi Sankyo, Inc."]]}} , { "openfda" : { "manufacturer_name" : [ [ "AbbVie Inc."]]}} , { "openfda" : { "manufacturer_name" : [ [ "Apotex Corp"]]}} , { "openfda" : { "manufacturer_name" : [ [ "Northstar Rx LLC"]]}} , { "openfda" : { "manufacturer_name" : [ [ "Sun Pharma Global FZE"]]}} , { "openfda" : { "manufacturer_name" : [ [ "Blu Pharmaceuticals, LLC"]]}} , { "openfda" : { "manufacturer_name" : [ [ "West-Ward Pharmaceutical Corp"]]}} , { "openfda" : { "manufacturer_name" : [ [ "Sandoz Inc"]]}} , { "openfda" : { "manufacturer_name" : [ [ "Nephron Pharmaceuticals Corporation"]]}} , { "openfda" : { "manufacturer_name" : [ [ "STAT Rx USA LLC"]]}} , { "openfda" : { "manufacturer_name" : [ [ "Amneal Pharmaceuticals of New York, LLC"]]}} , { "openfda" : { "manufacturer_name" : [ [ "Physicians Total Care, Inc."]]}} , { "openfda" : { "manufacturer_name" : [ [ "Roerig"]]}} , { "openfda" : { "manufacturer_name" : [ [ "G.D. Searle LLC Division of Pfizer Inc"]]}} , { "openfda" : { "manufacturer_name" : [ [ "Teva Neuroscience, Inc."]]}} , { "openfda" : { "manufacturer_name" : [ [ "Teva Pharmaceuticals USA Inc"]]}} , { "openfda" : { "manufacturer_name" : [ [ "Macoven Pharmaceuticals"]]}} , { "openfda" : { "manufacturer_name" : [ [ "Pfizer Laboratories Div Pfizer Inc"]]}} , { "openfda" : { "manufacturer_name" : [ [ "Dr Reddy's Laboratories"]]}} , { "openfda" : { "manufacturer_name" : [ [ "Teva Pharmaceuticals USA Inc"]]}} , { "openfda" : { "manufacturer_name" : [ [ "Pfizer Laboratories Div Pfizer Inc"]]}} , { "openfda" : { "manufacturer_name" : [ [ "Merck Sharp & Dohme Corp."]]}} , { "openfda" : { "manufacturer_name" : [ [ "Hospira, Inc."]]}} , { "openfda" : { "manufacturer_name" : [ [ "Alexion Pharmaceuticals Inc."]]}} , { "openfda" : { "manufacturer_name" : [ [ "Wockhardt USA LLC."]]}} , { "openfda" : { "manufacturer_name" : [ [ "Procter & Gamble Manufacturing Company"]]}} , { "openfda" : { "manufacturer_name" : [ [ "Mylan Institutional Inc."]]}} , { "openfda" : { "manufacturer_name" : [ [ "Hospira, Inc."]]}} , { "openfda" : { "manufacturer_name" : [ [ "Reckitt Benckiser LLC"]]}} , { "openfda" : { "manufacturer_name" : [ [ "Pfizer Laboratories Div Pfizer Inc"]]}} , { "openfda" : { "manufacturer_name" : [ [ "AvPAK"]]}} , { "openfda" : { "manufacturer_name" : [ [ "Roxane Laboratories, Inc"]]}} , { "openfda" : { "manufacturer_name" : [ [ "Pfizer Laboratories Div Pfizer Inc"]]}} , { "openfda" : { "manufacturer_name" : [ [ "Teva Pharmaceuticals USA Inc"]]}} , { "openfda" : { "manufacturer_name" : [ [ "Novartis Consumer Health, Inc."]]}} , { "openfda" : { "manufacturer_name" : [ [ "VistaPharm, Inc"]]}} , { "openfda" : { "manufacturer_name" : [ [ "VistaPharm Inc."]]}} , { "openfda" : { "manufacturer_name" : [ [ "Onset Dermatologics, LLC"]]}} , { "openfda" : { "manufacturer_name" : [ [ "Apotex Corp"]]}} , { "openfda" : { "manufacturer_name" : [ [ "Hill Dermaceuticals, Inc."]]}} , { "openfda" : { "manufacturer_name" : [ [ "Hospira, Inc."]]}} , { "openfda" : { "manufacturer_name" : [ [ "sanofi-aventis U.S. LLC"]]}} , { "openfda" : { "manufacturer_name" : [ [ "Hospira, Inc."]]}} , { "openfda" : { "manufacturer_name" : [ [ "Seton Pharmaceuticals"]]}} , { "openfda" : { "manufacturer_name" : [ [ "Hospira, Inc."]]}} , { "openfda" : { "manufacturer_name" : [ [ "Hospira, Inc."]]}} , { "openfda" : { "manufacturer_name" : [ [ "Apotex Corp."]]}} , { "openfda" : { "manufacturer_name" : [ [ "Lupin Pharmaceuticals, Inc."]]}} , { "openfda" : { "manufacturer_name" : [ [ "Actavis Elizabeth LLC"]]}} , { "openfda" : { "manufacturer_name" : [ [ "Nexus Pharmaceuticals Inc"]]}} , { "openfda" : { "manufacturer_name" : [ [ "Apotex Corp."]]}} , { "openfda" : { "manufacturer_name" : [ [ "Teva Neuroscience, Inc."]]}} , { "openfda" : { "manufacturer_name" : [ [ "Hospira, Inc."]]}} , { "openfda" : { "manufacturer_name" : [ [ "Hospira, Inc."]]}} , { "openfda" : { "manufacturer_name" : [ [ "Heritage Pharmaceuticals Inc."]]}} , { "openfda" : { "manufacturer_name" : [ [ "Baxter Healthcare Corporation"]]}} , { "openfda" : { "manufacturer_name" : [ [ "Teva Pharmaceuticals USA Inc"]]}} , { "openfda" : { "manufacturer_name" : [ [ "Sandoz Inc"]]}} , { "openfda" : { "manufacturer_name" : [ [ "Procter & Gamble Manufacturing Company"]]}} , { "openfda" : { "manufacturer_name" : [ [ "Hi-Tech Pharmacal Co., Inc."]]}} , { "openfda" : { "manufacturer_name" : [ [ "Mylan Pharmaceuticals Inc."]]}} , { "openfda" : { "manufacturer_name" : [ [ "Physicians Total Care, Inc."]]}} , { "openfda" : { "manufacturer_name" : [ [ "Hospira, Inc."]]}} , { "openfda" : { "manufacturer_name" : [ [ "Baxter Healthcare Corporation"]]}} , { "openfda" : { "manufacturer_name" : [ [ "Walmart Stores Inc."]]}} , { "openfda" : { "manufacturer_name" : [ [ "Major Pharmaceuticals"]]}} , { "openfda" : { "manufacturer_name" : [ [ "Boehringer Ingelheim Pharmaceuticals Inc."]]}} , { "openfda" : { "manufacturer_name" : [ [ "American Health Packaging"]]}} , { "openfda" : { "manufacturer_name" : [ [ "LUPIN PHARMA"]]}} , { "openfda" : { "manufacturer_name" : [ [ "Alvogen Inc."]]}} , { "openfda" : { "manufacturer_name" : [ [ "American Health Packaging"]]}} , { "openfda" : { "manufacturer_name" : [ [ "LUPIN PHARMACEUTICALS INC"]]}} , { "openfda" : { "manufacturer_name" : [ [ "Amedra Pharmaceuticals LLC"]]}} , { "openfda" : { "manufacturer_name" : [ [ "Hospira, Inc."]]}} , { "openfda" : { "manufacturer_name" : [ [ "Baxter Healthcare Corporation"]]}} , { "openfda" : { "manufacturer_name" : [ [ "Hospira, Inc."]]}} , { "openfda" : { "manufacturer_name" : [ [ "Taro Pharmaceuticals U.S.A., Inc."]]}} , { "openfda" : { "manufacturer_name" : [ [ "Rouses Point Pharm"]]}} , { "openfda" : { "manufacturer_name" : [ [ "Hi-Tech Pharmacal Co., Inc."]]}} , { "openfda" : { "manufacturer_name" : [ [ "GlaxoSmithKline LLC"]]}} , { "openfda" : { "manufacturer_name" : [ [ "American Health Packaging"]]}} , { "openfda" : { "manufacturer_name" : [ [ "Actavis South Atlantic LLC"]]}} , { "openfda" : { "manufacturer_name" : [ [ "Sandoz Inc"]]}} , { "openfda" : { "manufacturer_name" : [ [ "Sagent Pharmaceuticals"]]}} , { "openfda" : { "manufacturer_name" : [ [ "Watson Laboratories, Inc."]]}} , { "openfda" : { "manufacturer_name" : [ [ "Pharmacia and Upjohn Company"]]}} , { "openfda" : { "manufacturer_name" : [ [ "Dr. Reddy's Laboratories Limited"]]}} , { "openfda" : { "manufacturer_name" : [ [ "JayMac Pharmaceuticals LLC"]]}} , { "openfda" : { "manufacturer_name" : [ [ "American Regent, Inc."]]}} , { "openfda" : { "manufacturer_name" : [ [ "GlaxoSmithKline LLC"]]}} , { "openfda" : { "manufacturer_name" : [ [ "Hospira, Inc."]]}} , { "openfda" : { "manufacturer_name" : [ [ "Watson Pharma, Inc."]]}} , { "openfda" : { "manufacturer_name" : [ [ "Greenstone LLC"]]}} , { "openfda" : { "manufacturer_name" : [ [ "Laser Pharmaceuticals, LLC"]]}} , { "openfda" : { "manufacturer_name" : [ [ "Hospira, Inc."]]}} , { "openfda" : { "manufacturer_name" : [ [ "Baxter Healthcare Corporation"]]}} , { "openfda" : { "manufacturer_name" : [ [ "Qualitest Pharmaceuticals"]]}} , { "openfda" : { "manufacturer_name" : [ [ "B. Braun Medical Inc."]]}} , { "openfda" : { "manufacturer_name" : [ [ "Seton Pharmaceuticals"]]}} , { "openfda" : { "manufacturer_name" : [ [ "Matrixx Initiatives, Inc."]]}} , { "openfda" : { "manufacturer_name" : [ [ "Hospira, Inc."]]}} , { "openfda" : { "manufacturer_name" : [ [ "Corepharma LLC."]]}} , { "openfda" : { "manufacturer_name" : [ [ "Mylan Pharmaceuticals Inc."]]}} , { "openfda" : { "manufacturer_name" : [ [ "Hospira, Inc."]]}} , { "openfda" : { "manufacturer_name" : [ [ "Apotex Corp"]]}} , { "openfda" : { "manufacturer_name" : [ [ "Watson Pharma, Inc."]]}} , { "openfda" : { "manufacturer_name" : [ [ "Pfizer Laboratories Div Pfizer Inc."]]}} , { "openfda" : { "manufacturer_name" : [ [ "Mylan Pharmaceuticals Inc."]]}} , { "openfda" : { "manufacturer_name" : [ [ "APP Pharmaceuticals, LLC"]]}} , { "openfda" : { "manufacturer_name" : [ [ "Gilead Sciences, Inc."]]}} , { "openfda" : { "manufacturer_name" : [ [ "Greenstone LLC"]]}} , { "openfda" : { "manufacturer_name" : [ [ "ViiV Healthcare Company"]]}} , { "openfda" : { "manufacturer_name" : [ [ "Mylan Institutional Inc."]]}} , { "openfda" : { "manufacturer_name" : [ [ "Teva Pharmaceuticals USA Inc"]]}} , { "openfda" : { "manufacturer_name" : [ [ "Qualitest Pharmaceuticals"]]}} , { "openfda" : { "manufacturer_name" : [ [ "Greenstone LLC"]]}} , { "openfda" : { "manufacturer_name" : [ [ "Genzyme Corporation"]]}} , { "openfda" : { "manufacturer_name" : [ [ "Watson Laboratories, Inc."]]}} , { "openfda" : { "manufacturer_name" : [ [ "Hospira Worldwide, Inc."]]}} , { "openfda" : { "manufacturer_name" : [ [ "Baxter Healthcare Corporation"]]}} , { "openfda" : { "manufacturer_name" : [ [ "Genentech, Inc."]]}} , { "openfda" : { "manufacturer_name" : [ [ "Fresenius Kabi USA, LLC"]]}} , { "openfda" : { "manufacturer_name" : [ [ "Hill Dermaceuticals, Inc."]]}} , { "openfda" : { "manufacturer_name" : [ [ "Watson Pharma, Inc."]]}} , { "openfda" : { "manufacturer_name" : [ [ "Hospira, Inc."]]}} , { "openfda" : { "manufacturer_name" : [ [ "Baxter Healthcare Corporation"]]}} , { "openfda" : { "manufacturer_name" : [ [ "Qualitest Pharmaceuticals"]]}} , { "openfda" : { "manufacturer_name" : [ [ "Apotex Corp"]]}} , { "openfda" : { "manufacturer_name" : [ [ "Hospira, Inc."]]}} , { "openfda" : { "manufacturer_name" : [ [ "Upsher-Smith Laboratories, Inc."]]}} , { "openfda" : { "manufacturer_name" : [ [ "Hill Dermaceuticals, Inc."]]}} , { "openfda" : { "manufacturer_name" : [ [ "West-Ward Pharmaceutical Corp"]]}} , { "openfda" : { "manufacturer_name" : [ [ "WALGREEN CO."]]}} , { "openfda" : { "manufacturer_name" : [ [ "E. Fougera & Co. a division of Fougera Pharmaceuticals Inc."]]}} , { "openfda" : { "manufacturer_name" : [ [ "Pfizer Laboratories Div Pfizer Inc."]]}} , { "openfda" : { "manufacturer_name" : [ [ "Baxter Healthcare Corporation"]]}} , { "openfda" : { "manufacturer_name" : [ [ "Prasco Laboratories"]]}} , { "openfda" : { "manufacturer_name" : [ [ "Royal Pharmaceuticals"]]}} , { "openfda" : { "manufacturer_name" : [ [ "Hill Dermaceuticals, Inc."]]}} , { "openfda" : { "manufacturer_name" : [ [ "Apotex Corp"]]}} , { "openfda" : { "manufacturer_name" : [ [ "Bristol-Myers Squibb Holdings Pharma, Ltd. Liability Company"]]}} , { "openfda" : { "manufacturer_name" : [ [ "Actavis Mid Atlantic LLC"]]}} , { "openfda" : { "manufacturer_name" : [ [ "Watson Laboratories, Inc."]]}} , { "openfda" : { "manufacturer_name" : [ [ "Ranbaxy Laboratories Inc."]]}} , { "openfda" : { "manufacturer_name" : [ [ "Hill Dermaceuticals, Inc."]]}} , { "openfda" : { "manufacturer_name" : [ [ "Roxane Laboratories, Inc"]]}} , { "openfda" : { "manufacturer_name" : [ [ "Watson Laboratories, Inc."]]}} , { "openfda" : { "manufacturer_name" : [ [ "Hospira, Inc."]]}} , { "openfda" : { "manufacturer_name" : [ [ "Sandoz Inc"]]}} , { "openfda" : { "manufacturer_name" : [ [ "Watson Laboratories, Inc."]]}} , { "openfda" : { "manufacturer_name" : [ [ "E-Z-EM Canada Inc"]]}} , { "openfda" : { "manufacturer_name" : [ [ "Hospira, Inc."]]}} , { "openfda" : { "manufacturer_name" : [ [ "Pfizer Laboratories Div Pfizer Inc"]]}} , { "openfda" : { "manufacturer_name" : [ [ "Barr Laboratories Inc."]]}} , { "openfda" : { "manufacturer_name" : [ [ "E. Fougera & Co. a division of Fougera Pharmaceuticals Inc."]]}} , { "openfda" : { "manufacturer_name" : [ [ "Zydus Pharmaceuticals (USA) Inc."]]}} , { "openfda" : { "manufacturer_name" : [ [ "Sun Pharmaceutical Industries, Inc."]]}} , { "openfda" : { "manufacturer_name" : [ [ "Glenmark Generics Inc., USA"]]}} , { "openfda" : { "manufacturer_name" : [ [ "Teva Pharmaceuticals USA Inc"]]}} , { "openfda" : { "manufacturer_name" : [ [ "Eon Labs, Inc."]]}} , { "openfda" : { "manufacturer_name" : [ [ "Baxter Healthcare Corporation"]]}} , { "openfda" : { "manufacturer_name" : [ [ "Baxter Healthcare Corporation"]]}} , { "openfda" : { "manufacturer_name" : [ [ "APP Pharmaceuticals, LLC"]]}} , { "openfda" : { "manufacturer_name" : [ [ "Teva Respiratory, LLC"]]}} , { "openfda" : { "manufacturer_name" : [ [ "Sagent Pharmaceuticals"]]}} , { "openfda" : { "manufacturer_name" : [ [ "Shire US Manufacturing Inc."]]}} , { "openfda" : { "manufacturer_name" : [ [ "Pliva Inc."]]}} , { "openfda" : { "manufacturer_name" : [ [ "Sandoz Inc."]]}} , { "openfda" : { "manufacturer_name" : [ [ "Corepharma LLC."]]}} , { "openfda" : { "manufacturer_name" : [ [ "Greenstone LLC"]]}} , { "openfda" : { "manufacturer_name" : [ [ "Hospira, Inc."]]}} , { "openfda" : { "manufacturer_name" : [ [ "Baxter Healthcare Corporation"]]}} , { "openfda" : { "manufacturer_name" : [ [ "Hi-Tech Pharmacal Co., Inc."]]}} , { "openfda" : { "manufacturer_name" : [ [ "Hospira, Inc."]]}} , { "openfda" : { "manufacturer_name" : [ [ "Hospira, Inc."]]}} , { "openfda" : { "manufacturer_name" : [ [ "Sandoz Inc"]]}} , { "openfda" : { "manufacturer_name" : [ [ "Pfizer Laboratories Div Pfizer Inc"]]}} , { "openfda" : { "manufacturer_name" : [ [ "Teva Pharmaceuticals USA Inc"]]}} , { "openfda" : { "manufacturer_name" : [ [ "Hospira, Inc."]]}} , { "openfda" : { "manufacturer_name" : [ [ "Konsyl Pharmaceuticals, Inc."]]}} , { "openfda" : { "manufacturer_name" : [ [ "B. Braun Medical Inc."]]}} , { "openfda" : { "manufacturer_name" : [ [ "Pfizer Laboratories Div Pfizer Inc"]]}} , { "openfda" : { "manufacturer_name" : [ [ "AKORN INC."]]}} , { "openfda" : { "manufacturer_name" : [ [ "West-Ward Pharmaceutical Corp"]]}} , { "openfda" : { "manufacturer_name" : [ [ "Fresenius Kabi USA, LLC"]]}} , { "openfda" : { "manufacturer_name" : [ [ "Roxane Laboratories, Inc."]]}} , { "openfda" : { "manufacturer_name" : [ [ "Teva Parenteral Medicines, Inc."]]}} , { "openfda" : { "manufacturer_name" : [ [ "G.D. Searle LLC Division of Pfizer Inc"]]}} , { "openfda" : { "manufacturer_name" : [ [ "Pfizer Laboratories Div Pfizer Inc"]]}} , { "openfda" : { "manufacturer_name" : [ [ "MCR American Pharmaceuticals, Inc."]]}} , { "openfda" : { "manufacturer_name" : [ [ "Hospira Worldwide, Inc."]]}} , { "openfda" : { "manufacturer_name" : [ [ "Lupin Pharmaceuticals, Inc."]]}} , { "openfda" : { "manufacturer_name" : [ [ "Zydus Pharmaceuticals (USA) Inc."]]}} , { "openfda" : { "manufacturer_name" : [ [ "Paddock Laboratories, Inc."]]}} , { "openfda" : { "manufacturer_name" : [ [ "Versa Pharmaceutical"]]}} , { "openfda" : { "manufacturer_name" : [ [ "Actavis Mid Atlantic LLC"]]}} , { "openfda" : { "manufacturer_name" : [ [ "Valeant Pharmaceuticals North America LLC"]]}} , { "openfda" : { "manufacturer_name" : [ [ "Baxter Healthcare Corporation"]]}} , { "openfda" : { "manufacturer_name" : [ [ "Daiichi Sankyo, Inc."]]}} , { "openfda" : { "manufacturer_name" : [ [ "Novartis Consumer Health"]]}} , { "openfda" : { "manufacturer_name" : [ [ "GAVIS Pharmaceuticals, LLC"]]}} , { "openfda" : { "manufacturer_name" : [ [ "B. Braun Medical Inc."]]}} , { "openfda" : { "manufacturer_name" : [ [ "Upsher-Smith Laboratories, Inc."]]}} , { "openfda" : { "manufacturer_name" : [ [ "Pfizer Laboratories Div Pfizer Inc"]]}} , { "openfda" : { "manufacturer_name" : [ [ "Hospira, Inc."]]}} , { "openfda" : { "manufacturer_name" : [ [ "E. FOUGERA & CO. A division of Fougera Pharmaceuticals Inc."]]}} , { "openfda" : { "manufacturer_name" : [ [ "Hospira, Inc."]]}} , { "openfda" : { "manufacturer_name" : [ [ "Hospira, Inc."]]}} , { "openfda" : { "manufacturer_name" : [ [ "Fresenius Kabi USA, LLC" , "Nexus Pharmaceuticals Inc"]]}} , { "openfda" : { "manufacturer_name" : [ [ "Rugby Laboratories Inc."]]}} , { "openfda" : { "manufacturer_name" : [ [ "GlaxoSmithKline LLC"]]}} , { "openfda" : { "manufacturer_name" : [ [ "Fresenius Kabi USA, LLC"]]}} , { "openfda" : { "manufacturer_name" : [ [ "Productos Urologos de Mexico, S.A. de C.V."]]}} , { "openfda" : { "manufacturer_name" : [ [ "Actelion Pharmaceuticals US, Inc."]]}} , { "openfda" : { "manufacturer_name" : [ [ "Wockhardt USA LLC."]]}} , { "openfda" : { "manufacturer_name" : [ [ "Cardinal Health"]]}} , { "openfda" : { "manufacturer_name" : [ [ "Pfizer Laboratories Div Pfizer Inc"]]}} , { "openfda" : { "manufacturer_name" : [ [ "Paddock Laboratories, Inc."]]}} , { "openfda" : { "manufacturer_name" : [ [ "Amneal Pharmaceuticals, LLC"]]}} , { "openfda" : { "manufacturer_name" : [ [ "Roxane Laboratories, Inc"]]}} , { "openfda" : { "manufacturer_name" : [ [ "Bausch & Lomb Incorporated"]]}} , { "openfda" : { "manufacturer_name" : [ [ "Productos Urologos de Mexico, S.A. de C.V."]]}} , { "openfda" : { "manufacturer_name" : [ [ "Sagent Pharmaceuticals"]]}} , { "openfda" : { "manufacturer_name" : [ [ "Teva Pharmaceuticals USA Inc"]]}} , { "openfda" : { "manufacturer_name" : [ [ "Lannett Company, Inc."]]}} , { "openfda" : { "manufacturer_name" : [ [ "Hospira, Inc."]]}} , { "openfda" : { "manufacturer_name" : [ [ "Sun Pharma Global FZE"]]}} , { "openfda" : { "manufacturer_name" : [ [ "Teva Pharmaceuticals USA Inc"]]}} , { "openfda" : { "manufacturer_name" : [ [ "Legacy Pharmaceutical Packaging"]]}} , { "openfda" : { "manufacturer_name" : [ [ "Hospira, Inc."]]}} , { "openfda" : { "manufacturer_name" : [ [ "STAT Rx USA LLC"]]}} , { "openfda" : { "manufacturer_name" : [ [ "Qualitest Pharmaceuticals"]]}} , { "openfda" : { "manufacturer_name" : [ [ "Hospira Worldwide, Inc."]]}} , { "openfda" : { "manufacturer_name" : [ [ "Barr Laboratories Inc."]]}} , { "openfda" : { "manufacturer_name" : [ [ "Baxter Healthcare Corporation"]]}} , { "openfda" : { "manufacturer_name" : [ [ "Pharmaceutical Associates, Inc."]]}} , { "openfda" : { "manufacturer_name" : [ [ "Sandoz Inc"]]}} , { "openfda" : { "manufacturer_name" : [ [ "Mylan Pharmaceuticals Inc."]]}} , { "openfda" : { "manufacturer_name" : [ [ "West-ward Pharmaceutical Corp"]]}} , { "openfda" : { "manufacturer_name" : [ [ "Fresenius Kabi USA, LLC"]]}} , { "openfda" : { "manufacturer_name" : [ [ "Mylan Pharmaceuticals Inc."]]}} , { "openfda" : { "manufacturer_name" : [ [ "Mylan Institutional Inc."]]}} , { "openfda" : { "manufacturer_name" : [ [ "Micro Labs Limited"]]}} , { "openfda" : { "manufacturer_name" : [ [ "Royal Pharmaceuticals"]]}} , { "openfda" : { "manufacturer_name" : [ [ "Hospira Worldwide, Inc."]]}} , { "openfda" : { "manufacturer_name" : [ [ "Sun Pharmaceutical Industries Limited"]]}} , { "openfda" : { "manufacturer_name" : [ [ "E. Fougera & Co. a division of Fougera Pharmaceuticals Inc."]]}} , { "openfda" : { "manufacturer_name" : [ [ "Apotex Corp" , "Apotex Corp."]]}} , { "openfda" : { "manufacturer_name" : [ [ "APP Pharmaceuticals, LLC"]]}} , { "openfda" : { "manufacturer_name" : [ [ "Pfizer Laboratories Div Pfizer Inc"]]}} , { "openfda" : { "manufacturer_name" : [ [ "B. Braun Medical Inc."]]}} , { "openfda" : { "manufacturer_name" : [ [ "Pliva Inc."]]}} , { "openfda" : { "manufacturer_name" : [ [ "Apotex Corp"]]}} , { "openfda" : { "manufacturer_name" : [ [ "Hill Dermaceuticals, Inc."]]}} , { "openfda" : { "manufacturer_name" : [ [ "Hospira, Inc."]]}} , { "openfda" : { "manufacturer_name" : [ [ "American Health Packaging"]]}} , { "openfda" : { "manufacturer_name" : [ [ "Roerig"]]}} , { "openfda" : { "manufacturer_name" : [ [ "Gil Pharmaceutical Corp"]]}} , { "openfda" : { "manufacturer_name" : [ [ "PBM Pharmaceuticals, Inc"]]}} , { "openfda" : { "manufacturer_name" : [ [ "Fresenius Kabi USA, LLC"]]}} , { "openfda" : { "manufacturer_name" : [ [ "Novartis Consumer Health, Inc."]]}} , { "openfda" : { "manufacturer_name" : [ [ "Novartis Pharmaceuticals Corporation"]]}} , { "openfda" : { "manufacturer_name" : [ [ "Actavis Elizabeth LLC"]]}} , { "openfda" : { "manufacturer_name" : [ [ "VistaPharm Inc."]]}} , { "openfda" : { "manufacturer_name" : [ [ "Bayer HealthCare LLC, Consumer Care"]]}} , { "openfda" : { "manufacturer_name" : [ [ "Actavis Pharma, Inc."]]}} , { "openfda" : { "manufacturer_name" : [ [ "Major Pharmaceuticals"]]}} , { "openfda" : { "manufacturer_name" : [ [ "Pfizer Laboratories Div Pfizer Inc"]]}} , { "openfda" : { "manufacturer_name" : [ [ "Hospira, Inc."]]}} , { "openfda" : { "manufacturer_name" : [ [ "Teva Pharmaceuticals USA Inc"]]}} , { "openfda" : { "manufacturer_name" : [ [ "Watson Laboratories, Inc."]]}} , { "openfda" : { "manufacturer_name" : [ [ "VersaPharm Incorporated"]]}} , { "openfda" : { "manufacturer_name" : [ [ "Ranbaxy Pharmaceuticals Inc."]]}} , { "openfda" : { "manufacturer_name" : [ [ "Dr. Reddy?s Laboratories, Inc."]]}} , { "openfda" : { "manufacturer_name" : [ [ "Hospira, Inc."]]}} , { "openfda" : { "manufacturer_name" : [ [ "Cubist Pharmaceuticals, Inc."]]}} , { "openfda" : { "manufacturer_name" : [ [ "Ranbaxy Pharmaceuticals Inc."]]}} , { "openfda" : { "manufacturer_name" : [ [ "Actavis South Atlantic LLC"]]}} , { "openfda" : { "manufacturer_name" : [ [ "Mylan Institutional Inc."]]}} , { "openfda" : { "manufacturer_name" : [ [ "Hospira, Inc."]]}} , { "openfda" : { "manufacturer_name" : [ [ "Teva Pharmaceuticals USA Inc"]]}} , { "openfda" : { "manufacturer_name" : [ [ "CareFusion 213 LLC"]]}} , { "openfda" : { "manufacturer_name" : [ [ "Sandoz Inc"]]}} , { "openfda" : { "manufacturer_name" : [ [ "Pliva Inc."]]}} , { "openfda" : { "manufacturer_name" : [ [ "Mylan Pharmaceuticals Inc."]]}} , { "openfda" : { "manufacturer_name" : [ [ "Hospira, Inc."]]}} , { "openfda" : { "manufacturer_name" : [ [ "Pfizer Laboratories Div Pfizer Inc"]]}} , { "openfda" : { "manufacturer_name" : [ [ "Teva Pharmaceuticals USA Inc"]]}} , { "openfda" : { "manufacturer_name" : [ [ "Hospira, Inc."]]}} , { "openfda" : { "manufacturer_name" : [ [ "Daiichi Sankyo, Inc."]]}} , { "openfda" : { "manufacturer_name" : [ [ "Watson Laboratories, Inc."]]}} , { "openfda" : { "manufacturer_name" : [ [ "Teva Pharmaceuticals USA Inc"]]}} , { "openfda" : { "manufacturer_name" : [ [ "Baxter Healthcare Corporation"]]}} , { "openfda" : { "manufacturer_name" : [ [ "Hospira, Inc."]]}} , { "openfda" : { "manufacturer_name" : [ [ "Hospira, Inc."]]}} , { "openfda" : { "manufacturer_name" : [ [ "Apace Packaging"]]}} , { "openfda" : { "manufacturer_name" : [ [ "Actavis Elizabeth LLC"]]}} , { "openfda" : { "manufacturer_name" : [ [ "Actavis South Atlantic LLC"]]}} , { "openfda" : { "manufacturer_name" : [ [ "Hospira, Inc."]]}} , { "openfda" : { "manufacturer_name" : [ [ "Glenmark Generics Inc., USA"]]}} , { "openfda" : { "manufacturer_name" : [ [ "Teva Pharmaceuticals USA Inc"]]}} , { "openfda" : { "manufacturer_name" : [ [ "Kremers Urban Pharmaceuticals Inc."]]}} , { "openfda" : { "manufacturer_name" : [ [ "Hospira, Inc."]]}} , { "openfda" : { "manufacturer_name" : [ [ "Baxter Healthcare Corporation"]]}} , { "openfda" : { "manufacturer_name" : [ [ "McKesson Packaging Services a business unit of McKesson Corporation"]]}} , { "openfda" : { "manufacturer_name" : [ [ "Hospira, Inc."]]}} , { "openfda" : { "manufacturer_name" : [ [ "CareFusion 213 LLC"]]}} , { "openfda" : { "manufacturer_name" : [ [ "Paddock Laboratories, LLC"]]}} , { "openfda" : { "manufacturer_name" : [ [ "Fresenius Kabi USA, LLC"]]}} , { "openfda" : { "manufacturer_name" : [ [ "Barr Laboratories Inc."]]}} , { "openfda" : { "manufacturer_name" : [ [ "Noven Therapeutics, LLC"]]}} , { "openfda" : { "manufacturer_name" : [ [ "Seton Pharmaceuticals"]]}} , { "openfda" : { "manufacturer_name" : [ [ "Hospira, Inc."]]}} , { "openfda" : { "manufacturer_name" : [ [ "SIGMAPHARM LABORATORIES, LLC"]]}} , { "openfda" : { "manufacturer_name" : [ [ "Lupin Pharmaceuticals, Inc."]]}} , { "openfda" : { "manufacturer_name" : [ [ "Baxter Healthcare Corporation"]]}} , { "openfda" : { "manufacturer_name" : [ [ "Teva Pharmaceuticals USA Inc"]]}} , { "openfda" : { "manufacturer_name" : [ [ "Glenmark Generics Inc., USA"]]}} , { "openfda" : { "manufacturer_name" : [ [ "Bracco Diagnostics Inc"]]}} , { "openfda" : { "manufacturer_name" : [ [ "Pliva Inc."]]}} , { "openfda" : { "manufacturer_name" : [ [ "Dr. Reddy's Laboratories Limited"]]}} , { "openfda" : { "manufacturer_name" : [ [ "Noven Therapeutics, LLC"]]}} , { "openfda" : { "manufacturer_name" : [ [ "Hospira, Inc."]]}} , { "openfda" : { "manufacturer_name" : [ [ "Teva Pharmaceuticals USA Inc"]]}} , { "openfda" : { "manufacturer_name" : [ [ "sanofi-aventis U.S. LLC"]]}} , { "openfda" : { "manufacturer_name" : [ [ "Sun Pharma Global FZE"]]}} , { "openfda" : { "manufacturer_name" : [ [ "STAT Rx USA LLC"]]}} , { "openfda" : { "manufacturer_name" : [ [ "Wockhardt USA LLC."]]}} , { "openfda" : { "manufacturer_name" : [ [ "Dr.Reddy's Laboratories Limited"]]}} , { "openfda" : { "manufacturer_name" : [ [ "Cetylite Industries, Inc."]]}} , { "openfda" : { "manufacturer_name" : [ [ "Taro Pharmaceuticals U.S.A., Inc."]]}} , { "openfda" : { "manufacturer_name" : [ [ "Bristol Myers Squibb & Gilead Sciences, LLC"]]}} , { "openfda" : { "manufacturer_name" : [ [ "Teva Pharmaceuticals USA Inc"]]}} , { "openfda" : { "manufacturer_name" : [ [ "Pfizer Laboratories Div Pfizer Inc"]]}} , { "openfda" : { "manufacturer_name" : [ [ "Apotex Corp"]]}} , { "openfda" : { "manufacturer_name" : [ [ "Corepharma LLC."]]}} , { "openfda" : { "manufacturer_name" : [ [ "American Health Packaging"]]}} , { "openfda" : { "manufacturer_name" : [ [ "Watson Laboratories, Inc."]]}} , { "openfda" : { "manufacturer_name" : [ [ "Hospira, Inc."]]}} , { "openfda" : { "manufacturer_name" : [ [ "Taro Pharmaceuticals U.S.A., Inc."]]}} , { "openfda" : { "manufacturer_name" : [ [ "Baxter Healthcare Corporation"]]}} , { "openfda" : { "manufacturer_name" : [ [ "Teva Pharmaceuticals USA Inc"]]}} , { "openfda" : { "manufacturer_name" : [ [ "Ranbaxy Pharmaceuticals Inc."]]}} , { "openfda" : { "manufacturer_name" : [ [ "Sandoz Inc"]]}} , { "openfda" : { "manufacturer_name" : [ [ "Actavis Pharma, Inc."]]}} , { "openfda" : { "manufacturer_name" : [ [ "Macoven Pharmaceuticals"]]}} , { "openfda" : { "manufacturer_name" : [ [ "Hospira, Inc."]]}} , { "openfda" : { "manufacturer_name" : [ [ "Pfizer Laboratories Div Pfizer Inc."]]}} , { "openfda" : { "manufacturer_name" : [ [ "Reckitt Benckiser LLC"]]}} , { "openfda" : { "manufacturer_name" : [ [ "Sandoz Inc."]]}} , { "openfda" : { "manufacturer_name" : [ [ "West-Ward Pharmaceutical Corp"]]}} , { "openfda" : { "manufacturer_name" : [ [ "Amgen Inc"]]}} , { "openfda" : { "manufacturer_name" : [ [ "APP Pharmaceuticals, LLC"]]}} , { "openfda" : { "manufacturer_name" : [ [ "NorthStar Rx LLC"]]}} , { "openfda" : { "manufacturer_name" : [ [ "Hospira, Inc."]]}} , { "openfda" : { "manufacturer_name" : [ [ "Baxter Healthcare Corporation"]]}} , { "openfda" : { "manufacturer_name" : [ [ "AstraZeneca LP"]]}} , { "openfda" : { "manufacturer_name" : [ [ "Daiichi Sankyo, inc."]]}} , { "openfda" : { "manufacturer_name" : [ [ "Teva Pharmaceuticals USA Inc"]]}} , { "openfda" : { "manufacturer_name" : [ [ "Hospira, Inc."]]}} , { "openfda" : { "manufacturer_name" : [ [ "VersaPharm Incorporated"]]}} , { "openfda" : { "manufacturer_name" : [ [ "Bracco Diagnostics Inc"]]}} , { "openfda" : { "manufacturer_name" : [ [ "Apotex Corp"]]}} , { "openfda" : { "manufacturer_name" : [ [ "American Health Packaging"]]}} , { "openfda" : { "manufacturer_name" : [ [ "Zydus Pharmaceuticals (USA) Inc."]]}} , { "openfda" : { "manufacturer_name" : [ [ "Rugby"]]}} , { "openfda" : { "manufacturer_name" : [ [ "Teva Women's Health, Inc."]]}} , { "openfda" : { "manufacturer_name" : [ [ "Macoven Pharmaceuticals"]]}} , { "openfda" : { "manufacturer_name" : [ [ "Qualitest Pharmaceuticals"]]}} , { "openfda" : { "manufacturer_name" : [ [ "GW Laboratories, Inc."]]}} , { "openfda" : { "manufacturer_name" : [ [ "Hospira Worldwide, Inc."]]}} , { "openfda" : { "manufacturer_name" : [ [ "Hospira, Inc."]]}} , { "openfda" : { "manufacturer_name" : [ [ "Novartis Consumer Health, Inc."]]}} , { "openfda" : { "manufacturer_name" : [ [ "Watson Laboratories, Inc."]]}} , { "openfda" : { "manufacturer_name" : [ [ "Teva Pharmaceuticals USA Inc"]]}} , { "openfda" : { "manufacturer_name" : [ [ "Daiichi Sankyo, Inc."]]}} , { "openfda" : { "manufacturer_name" : [ [ "APP Pharmaceuticals, LLC"]]}} , { "openfda" : { "manufacturer_name" : [ [ "West-Ward Pharmaceutical Corp"]]}} , { "openfda" : { "manufacturer_name" : [ [ "Caraco Pharmaceutical Laboratories, Ltd."]]}} , { "openfda" : { "manufacturer_name" : [ [ "Physicians Total Care, Inc."]]}} , { "openfda" : { "manufacturer_name" : [ [ "ESTEE LAUDER INC"]]}} , { "openfda" : { "manufacturer_name" : [ [ "Pfizer Laboratories Div Pfizer Inc"]]}} , { "openfda" : { "manufacturer_name" : [ [ "Greenstone LLC"]]}} , { "openfda" : { "manufacturer_name" : [ [ "Hospira, Inc."]]}} , { "openfda" : { "manufacturer_name" : [ [ "Novartis Consumer Health, Inc."]]}} , { "openfda" : { "manufacturer_name" : [ [ "Mylan Pharmaceuticals Inc."]]}} , { "openfda" : { "manufacturer_name" : [ [ "West-ward Pharmaceutical Corp"]]}} , { "openfda" : { "manufacturer_name" : [ [ "Eon Labs, Inc."]]}} , { "openfda" : { "manufacturer_name" : [ [ "Centurion Labs, LLC"]]}} , { "openfda" : { "manufacturer_name" : [ [ "Major Pharmaceuticals"]]}} , { "openfda" : { "manufacturer_name" : [ [ "Teva Pharmaceuticals USA Inc"]]}} , { "openfda" : { "manufacturer_name" : [ [ "Actavis Pharma Manufacturing Pvt Ltd. (SOD)" , "Actavis Inc."]]}} , { "openfda" : { "manufacturer_name" : [ [ "Teva Respiratory, LLC"]]}} , { "openfda" : { "manufacturer_name" : [ [ "APP Pharmaceuticals, LLC"]]}} , { "openfda" : { "manufacturer_name" : [ [ "Alexion Pharmaceuticals Inc."]]}} , { "openfda" : { "manufacturer_name" : [ [ "Mutual Pharmaceutical Company, Inc."]]}} , { "openfda" : { "manufacturer_name" : [ [ "Sun Pharma Global Inc."]]}} , { "openfda" : { "manufacturer_name" : [ [ "B. Braun Medical Inc."]]}} , { "openfda" : { "manufacturer_name" : [ [ "Barr Laboratories Inc."]]}} , { "openfda" : { "manufacturer_name" : [ [ "Hospira Worldwide, Inc."]]}} , { "openfda" : { "manufacturer_name" : [ [ "Wockhardt USA LLC."]]}} , { "openfda" : { "manufacturer_name" : [ [ "Zydus Pharmaceuticals (USA) Inc."]]}} , { "openfda" : { "manufacturer_name" : [ [ "Pfizer Laboratories Div Pfizer Inc"]]}} , { "openfda" : { "manufacturer_name" : [ [ "Barr Laboratories Inc."]]}} , { "openfda" : { "manufacturer_name" : [ [ "Mylan Pharmaceuticals Inc."]]}} , { "openfda" : { "manufacturer_name" : [ [ "Hospira, Inc."]]}} , { "openfda" : { "manufacturer_name" : [ [ "Hospira, Inc."]]}} , { "openfda" : { "manufacturer_name" : [ [ "Hi-Tech Pharmacal Co., Inc."]]}} , { "openfda" : { "manufacturer_name" : [ [ "West-Ward Pharmaceutical Corp"]]}} , { "openfda" : { "manufacturer_name" : [ [ "Qualitest Pharmaceuticals"]]}} , { "openfda" : { "manufacturer_name" : [ [ "Physicians Total Care, Inc."]]}} , { "openfda" : { "manufacturer_name" : [ [ "Wyeth Pharmaceuticals Inc., a subsidiary of Pfizer Inc."]]}} , { "openfda" : { "manufacturer_name" : [ [ "B. Braun Medical Inc."]]}} , { "openfda" : { "manufacturer_name" : [ [ "Barr Laboratories Inc."]]}} , { "openfda" : { "manufacturer_name" : [ [ "Royal Pharmaceuticals"]]}} , { "openfda" : { "manufacturer_name" : [ [ "Actavis Elizabeth LLC"]]}} , { "openfda" : { "manufacturer_name" : [ [ "Pharmacia and Upjohn Company"]]}} , { "openfda" : { "manufacturer_name" : [ [ "Teva Parenteral Medicines, Inc."]]}} , { "openfda" : { "manufacturer_name" : [ [ "Pfizer Consumer Healthcare"]]}} , { "openfda" : { "manufacturer_name" : [ [ "Hospira, Inc."]]}} , { "openfda" : { "manufacturer_name" : [ [ "MCR American Pharmaceuticals, Inc."]]}} , { "openfda" : { "manufacturer_name" : [ [ "Mylan Institutional LLC"]]}} , { "openfda" : { "manufacturer_name" : [ [ "Zydus Pharmaceuticals (USA) Inc."]]}} , { "openfda" : { "manufacturer_name" : [ [ "Hill Dermaceuticals, Inc."]]}} , { "openfda" : { "manufacturer_name" : [ [ "Hospira, Inc."]]}} , { "openfda" : { "manufacturer_name" : [ [ "Qualitest Pharmaceuticals"]]}} , { "openfda" : { "manufacturer_name" : [ [ "Qualitest Pharmaceuticals"]]}} , { "openfda" : { "manufacturer_name" : [ [ "West-ward Pharmaceutical Corp"]]}} , { "openfda" : { "manufacturer_name" : [ [ "Hospira, Inc."]]}} , { "openfda" : { "manufacturer_name" : [ [ "Watson Laboratories, Inc."]]}} , { "openfda" : { "manufacturer_name" : [ [ "X-GEN Pharmaceuticals, Inc."]]}} , { "openfda" : { "manufacturer_name" : [ [ "Caraco Pharmaceutical Laboratories, Ltd."]]}} , { "openfda" : { "manufacturer_name" : [ [ "Barr Laboratories Inc."]]}} , { "openfda" : { "manufacturer_name" : [ [ "Sandoz Inc"]]}} , { "openfda" : { "manufacturer_name" : [ [ "AstraZeneca LP"]]}} , { "openfda" : { "manufacturer_name" : [ [ "Novartis Consumer Health"]]}} , { "openfda" : { "manufacturer_name" : [ [ "Apotex Corp."]]}} , { "openfda" : { "manufacturer_name" : [ [ "Ranbaxy Pharmaceuticals Inc."]]}} , { "openfda" : { "manufacturer_name" : [ [ "Hospira, Inc."]]}} , { "openfda" : { "manufacturer_name" : [ [ "Sagent Pharmaceuticals"]]}} , { "openfda" : { "manufacturer_name" : [ [ "Hospira, Inc."]]}} , { "openfda" : { "manufacturer_name" : [ [ "Apotex Corp"]]}} , { "openfda" : { "manufacturer_name" : [ [ "Hospira, Inc."]]}} , { "openfda" : { "manufacturer_name" : [ [ "West-ward Pharmaceutical Corp"]]}} , { "openfda" : { "manufacturer_name" : [ [ "Apotex Corp."]]}} , { "openfda" : { "manufacturer_name" : [ [ "Hospira, Inc."]]}} , { "openfda" : { "manufacturer_name" : [ [ "Actavis Inc."]]}} , { "openfda" : { "manufacturer_name" : [ [ "Mylan Institutional LLC"]]}} , { "openfda" : { "manufacturer_name" : [ [ "Kremers Urban Pharmaceuticals Inc."]]}} , { "openfda" : { "manufacturer_name" : [ [ "Hospira, Inc."]]}} , { "openfda" : { "manufacturer_name" : [ [ "Hospira, Inc."]]}} , { "openfda" : { "manufacturer_name" : [ [ "Mylan Pharmaceuticals Inc."]]}} , { "openfda" : { "manufacturer_name" : [ [ "Hospira, Inc."]]}} , { "openfda" : { "manufacturer_name" : [ [ "Baxter Healthcare Corporation"]]}} , { "openfda" : { "manufacturer_name" : [ [ "McKesson Packaging Services a Business unit of McKesson Corporation"]]}} , { "openfda" : { "manufacturer_name" : [ [ "West-Ward Pharmaceutical Corp"]]}} , { "openfda" : { "manufacturer_name" : [ [ "Baxter Healthcare Corporation"]]}} , { "openfda" : { "manufacturer_name" : [ [ "Aurobindo Pharma Limited"]]}} , { "openfda" : { "manufacturer_name" : [ [ "Hospira, Inc."]]}} , { "openfda" : { "manufacturer_name" : [ [ "Baxter Healthcare Corporation"]]}} , { "openfda" : { "manufacturer_name" : [ [ "B. Braun Medical Inc."]]}} , { "openfda" : { "manufacturer_name" : [ [ "AbbVie Inc."]]}} , { "openfda" : { "manufacturer_name" : [ [ "Pfizer Laboratories Div Pfizer Inc"]]}} , { "openfda" : { "manufacturer_name" : [ [ "Watson Laboratories, Inc."]]}} , { "openfda" : { "manufacturer_name" : [ [ "Taro Pharmaceuticals U.S.A., Inc."]]}} , { "openfda" : { "manufacturer_name" : [ [ "Greenstone LLC"]]}} , { "openfda" : { "manufacturer_name" : [ [ "Zydus Pharmaceuticals (USA) Inc."]]}} , { "openfda" : { "manufacturer_name" : [ [ "Teva Parenteral Medicines, Inc." , "Hospira, Inc."]]}} , { "openfda" : { "manufacturer_name" : [ [ "Bedford Laboratories"]]}} , { "openfda" : { "manufacturer_name" : [ [ "Gilead Sciences, Inc."]]}} , { "openfda" : { "manufacturer_name" : [ [ "AUSTIN PHARMACEUTICALS, LLC"]]}} , { "openfda" : { "manufacturer_name" : [ [ "Merck Sharp & Dohme Corp."]]}} , { "openfda" : { "manufacturer_name" : [ [ "AGOURON"]]}} , { "openfda" : { "manufacturer_name" : [ [ "Hospira, Inc."]]}} , { "openfda" : { "manufacturer_name" : [ [ "Mylan Institutional Inc."]]}} , { "openfda" : { "manufacturer_name" : [ [ "GlaxoSmithKline Consumer Heathcare LP"]]}} , { "openfda" : { "manufacturer_name" : [ [ "West-Ward Pharmaceutical Corp"]]}} , { "openfda" : { "manufacturer_name" : [ [ "Astellas Pharma US, Inc."]]}} , { "openfda" : { "manufacturer_name" : [ [ "Teva Pharmaceuticals USA Inc"]]}} , { "openfda" : { "manufacturer_name" : [ [ "BRACCO DIAGNOSTICS INC"]]}} , { "openfda" : { "manufacturer_name" : [ [ "Watson Laboratories, Inc."]]}} , { "openfda" : { "manufacturer_name" : [ [ "Amneal Pharmaceuticals"]]}} , { "openfda" : { "manufacturer_name" : [ [ "Safeway"]]}} , { "openfda" : { "manufacturer_name" : [ [ "Sandoz Inc"]]}} , { "openfda" : { "manufacturer_name" : [ [ "E. Fougera & Co. a division of Fougera Pharmaceuticals Inc."]]}} , { "openfda" : { "manufacturer_name" : [ [ "Pack Pharmaceuticals, LLC"]]}} , { "openfda" : { "manufacturer_name" : [ [ "Hospira, Inc."]]}} , { "openfda" : { "manufacturer_name" : [ [ "AbbVie Inc."]]}} , { "openfda" : { "manufacturer_name" : [ [ "Greenstone LLC"]]}} , { "openfda" : { "manufacturer_name" : [ [ "Nephron Pharmaceuticals Corporation"]]}} , { "openfda" : { "manufacturer_name" : [ [ "Apotex Corp"]]}} , { "openfda" : { "manufacturer_name" : [ [ "B. Braun Medical Inc."]]}} , { "openfda" : { "manufacturer_name" : [ [ "Sandoz Inc"]]}} , { "openfda" : { "manufacturer_name" : [ [ "Hi-Tech Pharmacal Co., Inc." , "KVK-Tech, Inc."]]}} , { "openfda" : { "manufacturer_name" : [ [ "Qualitest Pharmaceuticals"]]}} , { "openfda" : { "manufacturer_name" : [ [ "Actavis South Atlantic LLC"]]}} , { "openfda" : { "manufacturer_name" : [ [ "Greenstone LLC"]]}} , { "openfda" : { "manufacturer_name" : [ [ "Mylan Pharmaceuticals Inc."]]}} , { "openfda" : { "manufacturer_name" : [ [ "Amneal-Agila, LLC"]]}} , { "openfda" : { "manufacturer_name" : [ [ "Walgreen Company" , "Topco Associates LLC" , "Meijer Distribution Inc" , "Kroger Company"]]}} , { "openfda" : { "manufacturer_name" : [ [ "Baxter Healthcare Corporation"]]}} , { "openfda" : { "manufacturer_name" : [ [ "Dr. Reddy's Laboratories Limited"]]}} , { "openfda" : { "manufacturer_name" : [ [ "Hospira, Inc."]]}} , { "openfda" : { "manufacturer_name" : [ [ "Heritage Pharmaceuticals Inc."]]}} , { "openfda" : { "manufacturer_name" : [ [ "Roxane Laboratories, Inc."]]}} , { "openfda" : { "manufacturer_name" : [ [ "Sage Products Inc."]]}} , { "openfda" : { "manufacturer_name" : [ [ "Watson Laboratories, Inc."]]}} , { "openfda" : { "manufacturer_name" : [ [ "Dr.Reddy's Laboratories Limited"]]}} , { "openfda" : { "manufacturer_name" : [ [ "Baxter Healthcare Corporation"]]}} , { "openfda" : { "manufacturer_name" : [ [ "Humco Holding Group, Inc"]]}} , { "openfda" : { "manufacturer_name" : [ [ "Warner Chilcott (US), LLC"]]}} , { "openfda" : { "manufacturer_name" : [ [ "Mylan Pharmaceuticals Inc."]]}} , { "openfda" : { "manufacturer_name" : [ [ "Qualitest Pharmaceuticals"]]}} , { "openfda" : { "manufacturer_name" : [ [ "Hospira, Inc."]]}} , { "openfda" : { "manufacturer_name" : [ [ "Heritage Pharmaceuticals Inc."]]}} , { "openfda" : { "manufacturer_name" : [ [ "Forest laboratories, Inc."]]}} , { "openfda" : { "manufacturer_name" : [ [ "Sanofi-Aventis U.S. LLC"]]}} , { "openfda" : { "manufacturer_name" : [ [ "Hospira, Inc."]]}} , { "openfda" : { "manufacturer_name" : [ [ "McKesson"]]}} , { "openfda" : { "manufacturer_name" : [ [ "AbbVie Inc."]]}} , { "openfda" : { "manufacturer_name" : [ [ "UDL Laboratories, Inc."]]}} , { "openfda" : { "manufacturer_name" : [ [ "Productos Urologos de Mexico, S.A. de C.V."]]}} , { "openfda" : { "manufacturer_name" : [ [ "Mylan Pharmaceuticals Inc."]]}} , { "openfda" : { "manufacturer_name" : [ [ "McKesson"]]}} , { "openfda" : { "manufacturer_name" : [ [ "Novartis Consumer Health"]]}} , { "openfda" : { "manufacturer_name" : [ [ "Aaron Industries, Inc."]]}} , { "openfda" : { "manufacturer_name" : [ [ "Mylan Institutional Inc."]]}} , { "openfda" : { "manufacturer_name" : [ [ "Baxter Healthcare Corporation"]]}} , { "openfda" : { "manufacturer_name" : [ [ "Baxter Healthcare Corporation"]]}} , { "openfda" : { "manufacturer_name" : [ [ "Sun Pharma Global Inc."]]}} , { "openfda" : { "manufacturer_name" : [ [ "Walgreen Company" , "Wal-Mart Stores Inc" , "Meijer Distribution Inc" , "Supervalu Inc" , "Kroger Company" , "American Sales Company" , "Target Corporation"]]}} , { "openfda" : { "manufacturer_name" : [ [ "Valeant Pharmaceuticals North America LLC"]]}} , { "openfda" : { "manufacturer_name" : [ [ "GlaxoSmithKline Consumer Healthcare LP"]]}} , { "openfda" : { "manufacturer_name" : [ [ "Merck Sharp & Dohme Corp."]]}} , { "openfda" : { "manufacturer_name" : [ [ "Hospira, Inc."]]}} , { "openfda" : { "manufacturer_name" : [ [ "Baxter Healthcare Corporation"]]}} , { "openfda" : { "manufacturer_name" : [ [ "Sun Pharma Global Inc."]]}} , { "openfda" : { "manufacturer_name" : [ [ "Actavis Elizabeth LLC"]]}} , { "openfda" : { "manufacturer_name" : [ [ "sanofi-aventis U.S. LLC"]]}} , { "openfda" : { "manufacturer_name" : [ [ "AbbVie Inc."]]}} , { "openfda" : { "manufacturer_name" : [ [ "Novartis Consumer Health, Inc."]]}} , { "openfda" : { "manufacturer_name" : [ [ "LUPIN PHARMA"]]}} , { "openfda" : { "manufacturer_name" : [ [ "Septodont" , "Darby Dental Supply, LLC" , "IQ Dental"]]}} , { "openfda" : { "manufacturer_name" : [ [ "APP Pharmaceuticals, LLC"]]}} , { "openfda" : { "manufacturer_name" : [ [ "Pfizer Laboratories Div Pfizer Inc"]]}} , { "openfda" : { "manufacturer_name" : [ [ "Novartis Consumer Health, Inc."]]}} , { "openfda" : { "manufacturer_name" : [ [ "Teva Pharmaceuticals USA Inc"]]}} , { "openfda" : { "manufacturer_name" : [ [ "Pfizer Laboratories Div Pfizer Inc"]]}} , { "openfda" : { "manufacturer_name" : [ [ "Mylan Pharmaceuticals Inc."]]}} , { "openfda" : { "manufacturer_name" : [ [ "Boehringer Ingelheim Pharmaceuticals Inc."]]}} , { "openfda" : { "manufacturer_name" : [ [ "Mylan Pharmaceuticals Inc."]]}} , { "openfda" : { "manufacturer_name" : [ [ "Daiichi Sankyo, Inc."]]}} , { "openfda" : { "manufacturer_name" : [ [ "Roxane Laboratories, Inc."]]}} , { "openfda" : { "manufacturer_name" : [ [ "West-ward Pharmaceutical Corp"]]}} , { "openfda" : { "manufacturer_name" : [ [ "Mylan Pharmaceuticals Inc."]]}} , { "openfda" : { "manufacturer_name" : [ [ "Hospira, Inc."]]}} , { "openfda" : { "manufacturer_name" : [ [ "AR Scientific, Inc."]]}} , { "openfda" : { "manufacturer_name" : [ [ "Wyeth Pharmaceuticals Inc., a subsidiary of Pfizer Inc."]]}} , { "openfda" : { "manufacturer_name" : [ [ "Sun Pharma Global Inc."]]}} , { "openfda" : { "manufacturer_name" : [ [ "Baxter Healthcare Corporation"]]}} , { "openfda" : { "manufacturer_name" : [ [ "Baxter Healthcare Corporation"]]}} , { "openfda" : { "manufacturer_name" : [ [ "Physicians Total Care, Inc."]]}} , { "openfda" : { "manufacturer_name" : [ [ "Mylan Pharmaceuticals Inc."]]}} , { "openfda" : { "manufacturer_name" : [ [ "Golden State Medical Supply, Inc."]]}} , { "openfda" : { "manufacturer_name" : [ [ "Noven Therapeutics, LLC"]]}} , { "openfda" : { "manufacturer_name" : [ [ "Novartis Consumer Health, Inc."]]}} , { "openfda" : { "manufacturer_name" : [ [ "Glenmark Generics Inc., USA"]]}} , { "openfda" : { "manufacturer_name" : [ [ "Sandoz Inc"]]}} , { "openfda" : { "manufacturer_name" : [ [ "Barr Laboratories Inc."]]}} , { "openfda" : { "manufacturer_name" : [ [ "AbbVie Inc."]]}} , { "openfda" : { "manufacturer_name" : [ [ "Hospira, Inc."]]}} , { "openfda" : { "manufacturer_name" : [ [ "sanofi-aventis U.S. LLC"]]}} , { "openfda" : { "manufacturer_name" : [ [ "GlaxoSmithKline Consumer Healthcare LP"]]}} , { "openfda" : { "manufacturer_name" : [ [ "Blu Pharmaceuticals, LLC" , "West-Ward Pharmaceutical Corp"]]}} , { "openfda" : { "manufacturer_name" : [ [ "Dr.Reddy's Laboratories Limited"]]}} , { "openfda" : { "manufacturer_name" : [ [ "Zydus Pharmaceuticals (USA) Inc."]]}} , { "openfda" : { "manufacturer_name" : [ [ "Noven Therapeutics, LLC"]]}} , { "openfda" : { "manufacturer_name" : [ [ "B. Braun Medical Inc."]]}} , { "openfda" : { "manufacturer_name" : [ [ "Endo Pharmaceuticals, Inc."]]}} , { "openfda" : { "manufacturer_name" : [ [ "Hospira, Inc."]]}} , { "openfda" : { "manufacturer_name" : [ [ "Merck Sharp & Dohme Corp."]]}} , { "openfda" : { "manufacturer_name" : [ [ "Procter & Gamble Manufacturing Company"]]}} , { "openfda" : { "manufacturer_name" : [ [ "Hospira, Inc."]]}} , { "openfda" : { "manufacturer_name" : [ [ "Pfizer Laboratories Div Pfizer Inc"]]}} , { "openfda" : { "manufacturer_name" : [ [ "Alaven Pharmaceutical LLC"]]}} , { "openfda" : { "manufacturer_name" : [ [ "GlaxoSmithKline Consumer Healthcare LP" , "Walgreens" , "Kroger Company"]]}} , { "openfda" : { "manufacturer_name" : [ [ "Dr. Reddy's Laboratories Limited"]]}} , { "openfda" : { "manufacturer_name" : [ [ "Teva Pharmaceuticals USA Inc"]]}} , { "openfda" : { "manufacturer_name" : [ [ "Novartis Consumer Health, Inc."]]}} , { "openfda" : { "manufacturer_name" : [ [ "Noven Therapeutics, LLC"]]}} , { "openfda" : { "manufacturer_name" : [ [ "Hospira, Inc."]]}} , { "openfda" : { "manufacturer_name" : [ [ "Cubist Pharmaceuticals, Inc."]]}} , { "openfda" : { "manufacturer_name" : [ [ "Akorn, Inc."]]}} , { "openfda" : { "manufacturer_name" : [ [ "Noven Therapeutics, LLC"]]}} , { "openfda" : { "manufacturer_name" : [ [ "GlaxoSmithKline LLC"]]}} , { "openfda" : { "manufacturer_name" : [ [ "GlaxoSmithKline Consumer Healthcare LP" , "Walgreens" , "Kroger Company"]]}} , { "openfda" : { "manufacturer_name" : [ [ "Hospira, Inc."]]}} , { "openfda" : { "manufacturer_name" : [ [ "Micro Labs Limited"]]}} , { "openfda" : { "manufacturer_name" : [ [ "Baxter Healthcare Corporation"]]}} , { "openfda" : { "manufacturer_name" : [ [ "Noven Therapeutics, LLC"]]}} , { "openfda" : { "manufacturer_name" : [ [ "Baxter Healthcare Corporation"]]}} , { "openfda" : { "manufacturer_name" : [ [ "Noven Therapeutics, LLC"]]}} , { "openfda" : { "manufacturer_name" : [ [ "GlaxoSmithKline Consumer Healthcare LP"]]}} , { "openfda" : { "manufacturer_name" : [ [ "Noven Therapeutics, LLC"]]}} , { "openfda" : { "manufacturer_name" : [ [ "B. Braun Medical Inc."]]}} , { "openfda" : { "manufacturer_name" : [ [ "Baxter Healthcare Corporation"]]}} , { "openfda" : { "manufacturer_name" : [ [ "Micro Labs Limited"]]}} , { "openfda" : { "manufacturer_name" : [ [ "Mylan Pharmaceuticals Inc."]]}} , { "openfda" : { "manufacturer_name" : [ [ "Akorn, Inc." , "Nomax Inc."]]}} , { "openfda" : { "manufacturer_name" : [ [ "GlaxoSmithKline Consumer Healthcare LP"]]}} , { "openfda" : { "manufacturer_name" : [ [ "Sunmark"]]}} , { "openfda" : { "manufacturer_name" : [ [ "Hospira, Inc."]]}} , { "openfda" : { "manufacturer_name" : [ [ "Qualitest Pharmaceuticals"]]}} , { "openfda" : { "manufacturer_name" : [ [ "Bedford Laboratories"]]}} , { "openfda" : { "manufacturer_name" : [ [ "Matheson Tri-Gas, Inc."]]}} , { "openfda" : { "manufacturer_name" : [ [ "Walgreen Company" , "Cardinal Health" , "Wal-Mart Stores Inc" , "Topco Associates LLC" , "Kroger Company"]]}} , { "openfda" : { "manufacturer_name" : [ [ "Hospira, Inc."]]}} , { "openfda" : { "manufacturer_name" : [ [ "Mutual Pharmaceutical Company, Inc."]]}} , { "openfda" : { "manufacturer_name" : [ [ "Sun Pharmaceutical Industries Limited"]]}} , { "openfda" : { "manufacturer_name" : [ [ "WH Nutritionals, LLC"]]}} , { "openfda" : { "manufacturer_name" : [ [ "Walgreen Company" , "Cardinal Health" , "McKesson" , "DZA Brands LLC" , "H E B" , "Toys\"R\"Us, Inc." , "Kroger Company"]]}} , { "openfda" : { "manufacturer_name" : [ [ "Novartis Pharmaceuticals Corporation"]]}} , { "openfda" : { "manufacturer_name" : [ [ "Hospira, Inc."]]}} , { "openfda" : { "manufacturer_name" : [ [ "Cephalon, Inc."]]}} , { "openfda" : { "manufacturer_name" : [ [ "Barr Laboratories Inc."]]}} , { "openfda" : { "manufacturer_name" : [ [ "Hospira, Inc."]]}} , { "openfda" : { "manufacturer_name" : [ [ "Taro Pharmaceuticals U.S.A., Inc."]]}} , { "openfda" : { "manufacturer_name" : [ [ "Astellas Pharma US, Inc."]]}} , { "openfda" : { "manufacturer_name" : [ [ "Sun Pharmaceutical Industries Limited"]]}} , { "openfda" : { "manufacturer_name" : [ [ "Novartis Consumer Health, Inc."]]}} , { "openfda" : { "manufacturer_name" : [ [ "GlaxoSmithKline Consumer Healthcare LP"]]}} , { "openfda" : { "manufacturer_name" : [ [ "Eagle Pharmaceuticals, Inc."]]}} , { "openfda" : { "manufacturer_name" : [ [ "Blu Pharmaceuticals, LLC" , "West-Ward Pharmaceutical Corp"]]}} , { "openfda" : { "manufacturer_name" : [ [ "Baxter Healthcare Corporation"]]}} , { "openfda" : { "manufacturer_name" : [ [ "Hill Dermaceuticals, Inc."]]}} , { "openfda" : { "manufacturer_name" : [ [ "Walgreen Company" , "Wal-Mart Stores Inc" , "Rite Aid Corporation" , "American Sales Company" , "Target Corporation" , "CVS Pharmacy" , "Kroger Company"]]}} , { "openfda" : { "manufacturer_name" : [ [ "Hospira Worldwide, Inc."]]}} , { "openfda" : { "manufacturer_name" : [ [ "Pfizer Laboratories Div Pfizer Inc"]]}}]}