{ "count" : 2 , "results" : [ { "_id" : { "$oid" : "55897f4760b24f0590ca89f3"} , "standardHeader" : { "uuid" : "9cc591bb-a534-4b02-9169-c0ad5389717d" , "source" : "UNKNOWN" , "accessLabel" : "UNCLASSIFIED" , "modelName" : "fda_enforcement" , "modelVersion" : "1.1"} , "recall_number" : "D-0046-2015" , "openfda" : { "pharm_class_cs" : [ [ "Sulfonylurea Compounds [Chemical/Ingredient]"]] , "original_packager_product_ndc" : [ ] , "pharm_class_epc" : [ [ "Sulfonylurea [EPC]"]] , "nui" : [ [ "N0000175608" , "N0000008054"]] , "manufacturer_name" : [ [ "Micro Labs Limited"]] , "application_number" : [ [ "ANDA091220"]] , "product_type" : [ [ "HUMAN PRESCRIPTION DRUG"]] , "brand_name" : [ [ "GLIMEPIRIDE"]] , "route" : [ [ "ORAL"]] , "substance_name" : [ [ "GLIMEPIRIDE"]] , "rxcui" : [ [ "1361495" , "1361493" , "199245" , "199247" , "199246" , "153842"]] , "pharm_class_pe" : [ ] , "package_ndc" : [ [ "42571-101-01" , "42571-104-10" , "42571-102-05" , "42571-104-05" , "42571-101-05" , "42571-101-10" , "42571-104-01" , "42571-105-05" , "42571-105-01" , "42571-105-10" , "42571-102-01" , "42571-103-05" , "42571-102-10" , "42571-103-10" , "42571-100-10" , "42571-103-01" , "42571-100-01" , "42571-100-05"]] , "generic_name" : [ [ "GLIMEPIRIDE"]] , "spl_id" : [ [ "f53ca6b3-1177-4876-b930-aeee63ca7970"]] , "upc" : [ ] , "is_original_packager" : [ [ true]] , "pharm_class_moa" : [ ] , "product_ndc" : [ [ "42571-100" , "42571-101" , "42571-102" , "42571-103" , "42571-104" , "42571-105"]] , "spl_set_id" : [ [ "60e9397e-83b9-489e-9683-6f87e458bbaa"]] , "unii" : [ [ "6KY687524K"]]} , "product_quantity" : "11,328 bottles" , "state" : "NJ" , "recall_initiation_date" : "20141009" , "event_id" : "69133" , "product_description" : "GLIMEPIRIDE TABLETS, USP 2 mg, a)100 count bottle, (NDC 42571-101-01), b)  500 count Bottle (NDC 42571-101-05), Rx only, Manufactured by: Micro Labs Limited, Goa-403 722, INDIA, Manufactured for: Micro Labs USA, Inc., Princeton, NJ 08540" , "recalling_firm" : "Micro Labs Usa, Inc                                    S" , "city" : "Princeton" , "@epoch" : 1.424553174836488E9 , "code_info" : "GLBG001 Exp.12/14, GLBG008 Exp. 06/15" , "reason_for_recall" : "Failed Stability Specifications: Micro Labs is recalling two lots due to out of specification results during stability testing." , "distribution_pattern" : "CT, FL, MD, MS, NY" , "status" : "Ongoing" , "product_type" : "Drugs" , "country" : "US" , "report_date" : "20141105" , "voluntary_mandated" : "Voluntary: Firm Initiated" , "classification" : "Class II" , "@id" : "b0ce8866b0b36b5fcbfe6fbc2626e5cb444e2b6a467a32bdbed13a0686c48d60" , "initial_firm_notification" : "Letter" , "recall_area" : [ "Connecticut" , "Florida" , "Maryland" , "Mississippi" , "New York"]} , { "_id" : { "$oid" : "55897f5360b24f0590ca8a7f"} , "standardHeader" : { "uuid" : "e73bf309-90a1-4469-a80c-d9fd206c97fe" , "source" : "UNKNOWN" , "accessLabel" : "UNCLASSIFIED" , "modelName" : "fda_enforcement" , "modelVersion" : "1.1"} , "recall_number" : "D-1518-2014" , "openfda" : { "pharm_class_cs" : [ ] , "original_packager_product_ndc" : [ ] , "pharm_class_epc" : [ ] , "nui" : [ ] , "manufacturer_name" : [ [ "Humphreyline"]] , "application_number" : [ [ "part333E"]] , "product_type" : [ [ "HUMAN OTC DRUG"]] , "brand_name" : [ [ "HAND SANITIZER"]] , "route" : [ [ "TOPICAL"]] , "substance_name" : [ [ "BENZALKONIUM CHLORIDE"]] , "rxcui" : [ [ "1049254"]] , "pharm_class_pe" : [ ] , "package_ndc" : [ [ "19392-120-01" , "19392-120-03" , "19392-120-04"]] , "generic_name" : [ [ "BENZALKONIUM CHLORIDE"]] , "spl_id" : [ [ "cd1e5eb1-6117-47e7-bfae-6e956fd79ede"]] , "upc" : [ ] , "is_original_packager" : [ [ true]] , "pharm_class_moa" : [ ] , "product_ndc" : [ [ "19392-120"]] , "spl_set_id" : [ [ "38fe13b1-22ae-44fb-b67a-ed9b66723bd1"]] , "unii" : [ ]} , "product_quantity" : "975 bottles" , "state" : "KY" , "recall_initiation_date" : "20140806" , "event_id" : "68950" , "product_description" : "Alcohol-Free Hand Sanitizer, 1. fl. oz. (30 ml) bottles capped with white sprayer, OTC, contains Benzalkonium chloride. Mfg. for HLI, Portland, OR 97222 NDC: 19392-120-03.  Labeled A) Anne Arundel County Mental Health Agency, Inc., B) Family Advocacy Program, and C) Henderson Community College Nursing." , "recalling_firm" : "HLI dba Humphreyline Inc" , "city" : "Florence" , "@epoch" : 1.424553174836488E9 , "code_info" : "Lot #: MB140417; Expiry: 04/2017." , "reason_for_recall" : "Microbial Contamination of Non-Sterile Product" , "distribution_pattern" : "Kentucky, Maryland, and Virginia." , "status" : "Ongoing" , "product_type" : "Drugs" , "country" : "US" , "report_date" : "20140813" , "voluntary_mandated" : "Voluntary: Firm Initiated" , "classification" : "Class II" , "@id" : "1a223de46b029c596757cb4ba84c6216e8625719b86159b3f0ae9c239ec561a6" , "initial_firm_notification" : "Letter" , "recall_area" : [ "Kentucky" , "Maryland" , "Virginia"]}]}