<assembly
	xmlns="http://maven.apache.org/plugins/maven-assembly-plugin/assembly/1.1.2"
	xmlns:xsi="http://www.w3.org/2001/XMLSchema-instance"
	xsi:schemaLocation="http://maven.apache.org/plugins/maven-assembly-plugin/assembly/1.1.2 http://maven.apache.org/xsd/assembly-1.1.2.xsd">
	<id>dist</id>
	<formats>
		<format>war</format>
	</formats>
	<includeBaseDirectory>false</includeBaseDirectory>
	<fileSets>
		<fileSet>
			<directory>${project.basedir}</directory>
			<outputDirectory>/</outputDirectory>
			<excludes>
				<exclude>target/**</exclude>
				<exclude>assembly/**</exclude>
				<exclude>pom.xml</exclude>
				<exclude>.settings/**</exclude>
				<exclude>.project</exclude>
			</excludes>
			<includes>
				<include>**/*</include>
			</includes>
		</fileSet>
	</fileSets>
</assembly>